Workbook

Sheet Índice
A4: PROYECCIONES DE POBLACIÓN Y ESTUDIOS DEMOGRÁFICOS (PPED)
A6: DIRECCIÓN TÉCNICA DE CENSOS Y DEMOGRAFÍA (DCD)
A9: 1. | B9: Introducción PPED
B10: Actualización de la serie nacional de población, 2018 a 2070
A11: 2 | B11: Desagregación por área, sexo y edades simples
B12: =PobNacionalxÁreaSexoEdad!A5 -> NACIONAL. PROYECCIONES DE POBLACIÓN POR ÁREA GEOGRÁFICA SEGÚN SEXO Y EDADES SIMPLES, PERIODO 2018-2070

Sheet PPED
A3: PROYECCIONES DE POBLACIÓN Y ESTUDIOS DEMOGRÁFICOS (PPED)
A5: Actualizado el 18 de Julio de 2025
A6: NACIONAL. PROYECCIONES DE POBLACIÓN POR ÁREA GEOGRÁFICA. PERIODO 2018-2070
A7: Se incorporan nuevas tendencias observadas en la dinámica poblacional asociada a la aceleración del cambio en los componentes demográficos y mejoras técnicas en la producción estadística de esta operación derivada de los censos nacionales de población y vivienda, así como de las estadísticas de los hechos vitales.
A9: NACIONAL. PROYECCIONES DE POBLACIÓN POR ÁREA GEOGRÁFICA SEGÚN SEXO Y EDADES SIMPLES. PERIODO 2018-2070
A10: Aplicación del modelo de componentes de cohortes con un enfoque adaptado multiregional.
A11: Dirección técnica de Censos y Demografía (DCD)

Sheet PobNacionalxÁreaSexoEdad
A3: PROYECCIONES DE POBLACIÓN Y ESTUDIOS DEMOGRÁFICOS (PPED)
A5: NACIONAL. PROYECCIONES DE POBLACIÓN POR ÁREA GEOGRÁFICA SEGÚN SEXO Y EDADES SIMPLES, PERIODO 2018-2070
A7: PROYECCIONES DE POBLACIÓN POR ÁREA, SEGÚN SEXO Y EDAD SIMPLE. AÑOS 2018 A 2070
A8: TERRITORIO | B8: AÑO | C8: ÁREA GEOGRÁFICA | D8: TOTAL | G8: HOMBRES | DD8: MUJERES | HA8: TOTAL (AMBOS SEXOS)
D9: Total | E9: Hombres | F9: Mujeres | G9: Hombres 0 años | H9: Hombres 1 año | I9: Hombres 2 años | J9: Hombres 3 años | K9: Hombres 4 años | L9: Hombres 5 años | M9: Hombres 6 años | N9: Hombres 7 años | O9: Hombres 8 años | P9: Hombres 9 años | Q9: Hombres 10 años | R9: Hombres 11 años | S9: Hombres 12 años | T9: Hombres 13 años | U9: Hombres 14 años | V9: Hombres 15 años | W9: Hombres 16 años | X9: Hombres 17 años | Y9: Hombres 18 años | Z9: Hombres 19 años | AA9: Hombres 20 años | AB9: Hombres 21 años | AC9: Hombres 22 años | AD9: Hombres 23 años | AE9: Hombres 24 años | AF9: Hombres 25 años | AG9: Hombres 26 años | AH9: Hombres 27 años | AI9: Hombres 28 años | AJ9: Hombres 29 años | AK9: Hombres 30 años | AL9: Hombres 31 años | AM9: Hombres 32 años | AN9: Hombres 33 años | AO9: Hombres 34 años | AP9: Hombres 35 años | AQ9: Hombres 36 años | AR9: Hombres 37 años | AS9: Hombres 38 años | AT9: Hombres 39 años | AU9: Hombres 40 años | AV9: Hombres 41 años | AW9: Hombres 42 años | AX9: Hombres 43 años | AY9: Hombres 44 años | AZ9: Hombres 45 años | BA9: Hombres 46 años | BB9: Hombres 47 años | BC9: Hombres 48 años | BD9: Hombres 49 años | BE9: Hombres 50 años | BF9: Hombres 51 años | BG9: Hombres 52 años | BH9: Hombres 53 años | BI9: Hombres 54 años | BJ9: Hombres 55 años | BK9: Hombres 56 años | BL9: Hombres 57 años | BM9: Hombres 58 años | BN9: Hombres 59 años | BO9: Hombres 60 años | BP9: Hombres 61 años | BQ9: Hombres 62 años | BR9: Hombres 63 años | BS9: Hombres 64 años | BT9: Hombres 65 años | BU9: Hombres 66 años | BV9: Hombres 67 años | BW9: Hombres 68 años | BX9: Hombres 69 años | BY9: Hombres 70 años | BZ9: Hombres 71 años | CA9: Hombres 72 años | CB9: Hombres 73 años | CC9: Hombres 74 años | CD9: Hombres 75 años | CE9: Hombres 76 años | CF9: Hombres 77 años | CG9: Hombres 78 años | CH9: Hombres 79 años | CI9: Hombres 80 años | CJ9: Hombres 81 años | CK9: Hombres 82 años | CL9: Hombres 83 años | CM9: Hombres 84 años | CN9: Hombres 85 años | CO9: Hombres 86 años | CP9: Hombres 87 años | CQ9: Hombres 88 años | CR9: Hombres 89 años | CS9: Hombres 90 años | CT9: Hombres 91 años | CU9: Hombres 92 años | CV9: Hombres 93 años | CW9: Hombres 94 años | CX9: Hombres 95 años | CY9: Hombres 96 años | CZ9: Hombres 97 años | DA9: Hombres 98 años | DB9: Hombres 99 años | DC9: Hombres 100 años y más | DD9: Mujeres 0 años | DE9: Mujeres 1 año | DF9: Mujeres 2 años | DG9: Mujeres 3 años | DH9: Mujeres 4 años | DI9: Mujeres 5 años | DJ9: Mujeres 6 años | DK9: Mujeres 7 años | DL9: Mujeres 8 años | DM9: Mujeres 9 años | DN9: Mujeres 10 años | DO9: Mujeres 11 años | DP9: Mujeres 12 años | DQ9: Mujeres 13 años | DR9: Mujeres 14 años | DS9: Mujeres 15 años | DT9: Mujeres 16 años | DU9: Mujeres 17 años | DV9: Mujeres 18 años | DW9: Mujeres 19 años | DX9: Mujeres 20 años | DY9: Mujeres 21 años | DZ9: Mujeres 22 años | EA9: Mujeres 23 años | EB9: Mujeres 24 años | EC9: Mujeres 25 años | ED9: Mujeres 26 años | EE9: Mujeres 27 años | EF9: Mujeres 28 años | EG9: Mujeres 29 años | EH9: Mujeres 30 años | EI9: Mujeres 31 años | EJ9: Mujeres 32 años | EK9: Mujeres 33 años | EL9: Mujeres 34 años | EM9: Mujeres 35 años | EN9: Mujeres 36 años | EO9: Mujeres 37 años | EP9: Mujeres 38 años | EQ9: Mujeres 39 años | ER9: Mujeres 40 años | ES9: Mujeres 41 años | ET9: Mujeres 42 años | EU9: Mujeres 43 años | EV9: Mujeres 44 años | EW9: Mujeres 45 años | EX9: Mujeres 46 años | EY9: Mujeres 47 años | EZ9: Mujeres 48 años | FA9: Mujeres 49 años | FB9: Mujeres 50 años | FC9: Mujeres 51 años | FD9: Mujeres 52 años | FE9: Mujeres 53 años | FF9: Mujeres 54 años | FG9: Mujeres 55 años | FH9: Mujeres 56 años | FI9: Mujeres 57 años | FJ9: Mujeres 58 años | FK9: Mujeres 59 años | FL9: Mujeres 60 años | FM9: Mujeres 61 años | FN9: Mujeres 62 años | FO9: Mujeres 63 años | FP9: Mujeres 64 años | FQ9: Mujeres 65 años | FR9: Mujeres 66 años | FS9: Mujeres 67 años | FT9: Mujeres 68 años | FU9: Mujeres 69 años | FV9: Mujeres 70 años | FW9: Mujeres 71 años | FX9: Mujeres 72 años | FY9: Mujeres 73 años | FZ9: Mujeres 74 años | GA9: Mujeres 75 años | GB9: Mujeres 76 años | GC9: Mujeres 77 años | GD9: Mujeres 78 años | GE9: Mujeres 79 años | GF9: Mujeres 80 años | GG9: Mujeres 81 años | GH9: Mujeres 82 años | GI9: Mujeres 83 años | GJ9: Mujeres 84 años | GK9: Mujeres 85 años | GL9: Mujeres 86 años | GM9: Mujeres 87 años | GN9: Mujeres 88 años | GO9: Mujeres 89 años | GP9: Mujeres 90 años | GQ9: Mujeres 91 años | GR9: Mujeres 92 años | GS9: Mujeres 93 años | GT9: Mujeres 94 años | GU9: Mujeres 95 años | GV9: Mujeres 96 años | GW9: Mujeres 97 años | GX9: Mujeres 98 años | GY9: Mujeres 99 años | GZ9: Mujeres 100 años y más | HA9: Total 0 años | HB9: Total 1 año | HC9: Total 2 años | HD9: Total 3 años | HE9: Total 4 años | HF9: Total 5 años | HG9: Total 6 años | HH9: Total 7 años | HI9: Total 8 años | HJ9: Total 9 años | HK9: Total 10 años | HL9: Total 11 años | HM9: Total 12 años | HN9: Total 13 años | HO9: Total 14 años | HP9: Total 15 años | HQ9: Total 16 años | HR9: Total 17 años | HS9: Total 18 años | HT9: Total 19 años | HU9: Total 20 años | HV9: Total 21 años | HW9: Total 22 años | HX9: Total 23 años | HY9: Total 24 años | HZ9: Total 25 años | IA9: Total 26 años | IB9: Total 27 años | IC9: Total 28 años | ID9: Total 29 años | IE9: Total 30 años | IF9: Total 31 años | IG9: Total 32 años | IH9: Total 33 años | II9: Total 34 años | IJ9: Total 35 años | IK9: Total 36 años | IL9: Total 37 años | IM9: Total 38 años | IN9: Total 39 años | IO9: Total 40 años | IP9: Total 41 años | IQ9: Total 42 años | IR9: Total 43 años | IS9: Total 44 años | IT9: Total 45 años | IU9: Total 46 años | IV9: Total 47 años | IW9: Total 48 años | IX9: Total 49 años | IY9: Total 50 años | IZ9: Total 51 años | JA9: Total 52 años | JB9: Total 53 años | JC9: Total 54 años | JD9: Total 55 años | JE9: Total 56 años | JF9: Total 57 años | JG9: Total 58 años | JH9: Total 59 años | JI9: Total 60 años | JJ9: Total 61 años | JK9: Total 62 años | JL9: Total 63 años | JM9: Total 64 años | JN9: Total 65 años | JO9: Total 66 años | JP9: Total 67 años | JQ9: Total 68 años | JR9: Total 69 años | JS9: Total 70 años | JT9: Total 71 años | JU9: Total 72 años | JV9: Total 73 años | JW9: Total 74 años | JX9: Total 75 años | JY9: Total 76 años | JZ9: Total 77 años | KA9: Total 78 años | KB9: Total 79 años | KC9: Total 80 años | KD9: Total 81 años | KE9: Total 82 años | KF9: Total 83 años | KG9: Total 84 años | KH9: Total 85 años | KI9: Total 86 años | KJ9: Total 87 años | KK9: Total 88 años | KL9: Total 89 años | KM9: Total 90 años | KN9: Total 91 años | KO9: Total 92 años | KP9: Total 93 años | KQ9: Total 94 años | KR9: Total 95 años | KS9: Total 96 años | KT9: Total 97 años | KU9: Total 98 años | KV9: Total 99 años | KW9: Total 100 años y más
A10: Total Nacional | B10: 2018 | C10: Cabecera | D10: 36414521 | E10: 17450356 | F10: 18964165 | G10: 267725 | H10: 271659 | I10: 275579 | J10: 279172 | K10: 282059 | L10: 284726 | M10: 288053 | N10: 291880 | O10: 295932 | P10: 299857 | Q10: 303787 | R10: 307960 | S10: 308600 | T10: 308921 | U10: 308508 | V10: 309013 | W10: 309651 | X10: 312341 | Y10: 311464 | Z10: 311626 | AA10: 312571 | AB10: 314681 | AC10: 316457 | AD10: 317727 | AE10: 316270 | AF10: 311156 | AG10: 304416 | AH10: 297294 | AI10: 289727 | AJ10: 282227 | AK10: 273730 | AL10: 267924 | AM10: 262868 | AN10: 259141 | AO10: 256726 | AP10: 253976 | AQ10: 250172 | AR10: 246544 | AS10: 240499 | AT10: 233169 | AU10: 224143 | AV10: 216740 | AW10: 208217 | AX10: 203021 | AY10: 200216 | AZ10: 198572 | BA10: 197598 | BB10: 197618 | BC10: 197431 | BD10: 197105 | BE10: 194984 | BF10: 194052 | BG10: 191353 | BH10: 188829 | BI10: 185112 | BJ10: 180222 | BK10: 173949 | BL10: 166605 | BM10: 158491 | BN10: 151310 | BO10: 144139 | BP10: 137827 | BQ10: 131008 | BR10: 125316 | BS10: 119163 | BT10: 112959 | BU10: 106877 | BV10: 101105 | BW10: 95248 | BX10: 89659 | BY10: 83989 | BZ10: 78212 | CA10: 72246 | CB10: 66950 | CC10: 62232 | CD10: 58328 | CE10: 54902 | CF10: 51503 | CG10: 47956 | CH10: 44318 | CI10: 40491 | CJ10: 36428 | CK10: 32598 | CL10: 29328 | CM10: 26280 | CN10: 23432 | CO10: 20531 | CP10: 17905 | CQ10: 15344 | CR10: 13101 | CS10: 10869 | CT10: 8754 | CU10: 6944 | CV10: 5380 | CW10: 4157 | CX10: 3185 | CY10: 2387 | CZ10: 1772 | DA10: 1303 | DB10: 994 | DC10: 3880 | DD10: 254961 | DE10: 259756 | DF10: 263118 | DG10: 266313 | DH10: 269609 | DI10: 272563 | DJ10: 276055 | DK10: 279396 | DL10: 283374 | DM10: 287406 | DN10: 291740 | DO10: 296246 | DP10: 297202 | DQ10: 298219 | DR10: 299635 | DS10: 302119 | DT10: 304723 | DU10: 308827 | DV10: 313178 | DW10: 317186 | DX10: 320927 | DY10: 321558 | DZ10: 322506 | EA10: 323518 | EB10: 322371 | EC10: 318788 | ED10: 313173 | EE10: 306505 | EF10: 299926 | EG10: 292849 | EH10: 287622 | EI10: 283326 | EJ10: 280401 | EK10: 277714 | EL10: 277528 | EM10: 277373 | EN10: 275696 | EO10: 272569 | EP10: 268359 | EQ10: 260561 | ER10: 253844 | ES10: 245784 | ET10: 239126 | EU10: 233835 | EV10: 231381 | EW10: 229945 | EX10: 229476 | EY10: 230405 | EZ10: 231750 | FA10: 230700 | FB10: 230852 | FC10: 229471 | FD10: 228566 | FE10: 225918 | FF10: 222863 | FG10: 218023 | FH10: 211302 | FI10: 204189 | FJ10: 196600 | FK10: 188660 | FL10: 182047 | FM10: 174886 | FN10: 168043 | FO10: 160237 | FP10: 152692 | FQ10: 144828 | FR10: 137347 | FS10: 130421 | FT10: 123662 | FU10: 116624 | FV10: 109791 | FW10: 102538 | FX10: 95757 | FY10: 89178 | FZ10: 83336 | GA10: 78400 | GB10: 74468 | GC10: 70896 | GD10: 67031 | GE10: 62848 | GF10: 58496 | GG10: 54049 | GH10: 49585 | GI10: 45117 | GJ10: 40603 | GK10: 36415 | GL10: 32633 | GM10: 28921 | GN10: 25421 | GO10: 22012 | GP10: 18749 | GQ10: 15393 | GR10: 12319 | GS10: 9784 | GT10: 7697 | GU10: 6082 | GV10: 4744 | GW10: 3638 | GX10: 2596 | GY10: 1725 | GZ10: 5570 | HA10: 522686 | HB10: 531415 | HC10: 538697 | HD10: 545485 | HE10: 551668 | HF10: 557289 | HG10: 564108 | HH10: 571276 | HI10: 579306 | HJ10: 587263 | HK10: 595527 | HL10: 604206 | HM10: 605802 | HN10: 607140 | HO10: 608143 | HP10: 611132 | HQ10: 614374 | HR10: 621168 | HS10: 624642 | HT10: 628812 | HU10: 633498 | HV10: 636239 | HW10: 638963 | HX10: 641245 | HY10: 638641 | HZ10: 629944 | IA10: 617589 | IB10: 603799 | IC10: 589653 | ID10: 575076 | IE10: 561352 | IF10: 551250 | IG10: 543269 | IH10: 536855 | II10: 534254 | IJ10: 531349 | IK10: 525868 | IL10: 519113 | IM10: 508858 | IN10: 493730 | IO10: 477987 | IP10: 462524 | IQ10: 447343 | IR10: 436856 | IS10: 431597 | IT10: 428517 | IU10: 427074 | IV10: 428023 | IW10: 429181 | IX10: 427805 | IY10: 425836 | IZ10: 423523 | JA10: 419919 | JB10: 414747 | JC10: 407975 | JD10: 398245 | JE10: 385251 | JF10: 370794 | JG10: 355091 | JH10: 339970 | JI10: 326186 | JJ10: 312713 | JK10: 299051 | JL10: 285553 | JM10: 271855 | JN10: 257787 | JO10: 244224 | JP10: 231526 | JQ10: 218910 | JR10: 206283 | JS10: 193780 | JT10: 180750 | JU10: 168003 | JV10: 156128 | JW10: 145568 | JX10: 136728 | JY10: 129370 | JZ10: 122399 | KA10: 114987 | KB10: 107166 | KC10: 98987 | KD10: 90477 | KE10: 82183 | KF10: 74445 | KG10: 66883 | KH10: 59847 | KI10: 53164 | KJ10: 46826 | KK10: 40765 | KL10: 35113 | KM10: 29618 | KN10: 24147 | KO10: 19263 | KP10: 15164 | KQ10: 11854 | KR10: 9267 | KS10: 7131 | KT10: 5410 | KU10: 3899 | KV10: 2719 | KW10: 9450
A11: Total Nacional | B11: 2018 | C11: Centros Poblados y Rural Disperso | D11: 11843973 | E11: 6163808 | F11: 5680165 | G11: 111886 | H11: 112733 | I11: 114233 | J11: 116189 | K11: 118018 | L11: 120287 | M11: 121987 | N11: 123959 | O11: 125744 | P11: 127610 | Q11: 129514 | R11: 131555 | S11: 131803 | T11: 131507 | U11: 130343 | V11: 127905 | W11: 125439 | X11: 122324 | Y11: 117186 | Z11: 111517 | AA11: 105883 | AB11: 100885 | AC11: 97528 | AD11: 94939 | AE11: 92159 | AF11: 88872 | AG11: 85784 | AH11: 83169 | AI11: 80929 | AJ11: 79061 | AK11: 77130 | AL11: 76128 | AM11: 75207 | AN11: 74839 | AO11: 74899 | AP11: 74918 | AQ11: 74683 | AR11: 74549 | AS11: 74090 | AT11: 73199 | AU11: 71546 | AV11: 70301 | AW11: 68494 | AX11: 67647 | AY11: 67276 | AZ11: 67032 | BA11: 66790 | BB11: 66624 | BC11: 66324 | BD11: 65855 | BE11: 64813 | BF11: 64033 | BG11: 62688 | BH11: 61600 | BI11: 60311 | BJ11: 58850 | BK11: 57096 | BL11: 55197 | BM11: 53029 | BN11: 51197 | BO11: 49307 | BP11: 47694 | BQ11: 45909 | BR11: 44413 | BS11: 42889 | BT11: 41398 | BU11: 39842 | BV11: 38199 | BW11: 36366 | BX11: 34705 | BY11: 32944 | BZ11: 30982 | CA11: 28842 | CB11: 26950 | CC11: 25195 | CD11: 23854 | CE11: 22552 | CF11: 21223 | CG11: 19748 | CH11: 18259 | CI11: 16587 | CJ11: 14701 | CK11: 12863 | CL11: 11349 | CM11: 10007 | CN11: 8835 | CO11: 7607 | CP11: 6474 | CQ11: 5443 | CR11: 4575 | CS11: 3749 | CT11: 2975 | CU11: 2344 | CV11: 1814 | CW11: 1389 | CX11: 1060 | CY11: 791 | CZ11: 592 | DA11: 438 | DB11: 345 | DC11: 1306 | DD11: 105462 | DE11: 107101 | DF11: 108341 | DG11: 109857 | DH11: 111788 | DI11: 114035 | DJ11: 115821 | DK11: 117174 | DL11: 118138 | DM11: 119471 | DN11: 121035 | DO11: 122659 | DP11: 122262 | DQ11: 121124 | DR11: 119536 | DS11: 116878 | DT11: 114173 | DU11: 110457 | DV11: 105793 | DW11: 101192 | DX11: 96991 | DY11: 92469 | DZ11: 89503 | EA11: 87452 | EB11: 85521 | EC11: 83270 | ED11: 80869 | EE11: 78702 | EF11: 76927 | EG11: 75290 | EH11: 74346 | EI11: 73563 | EJ11: 73142 | EK11: 72502 | EL11: 72451 | EM11: 72437 | EN11: 71975 | EO11: 71295 | EP11: 70220 | EQ11: 68272 | ER11: 66627 | ES11: 64682 | ET11: 63115 | EU11: 61613 | EV11: 60795 | EW11: 60154 | EX11: 59619 | EY11: 59283 | EZ11: 58843 | FA11: 57798 | FB11: 57079 | FC11: 55999 | FD11: 55118 | FE11: 53930 | FF11: 52803 | FG11: 51405 | FH11: 49795 | FI11: 48189 | FJ11: 46574 | FK11: 44772 | FL11: 43236 | FM11: 41558 | FN11: 40062 | FO11: 38477 | FP11: 36994 | FQ11: 35460 | FR11: 34026 | FS11: 32665 | FT11: 31319 | FU11: 29789 | FV11: 28254 | FW11: 26607 | FX11: 25090 | FY11: 23513 | FZ11: 22032 | GA11: 20733 | GB11: 19858 | GC11: 18998 | GD11: 17966 | GE11: 16744 | GF11: 15417 | GG11: 14119 | GH11: 12891 | GI11: 11635 | GJ11: 10327 | GK11: 9072 | GL11: 7986 | GM11: 6937 | GN11: 5967 | GO11: 5039 | GP11: 4217 | GQ11: 3404 | GR11: 2695 | GS11: 2137 | GT11: 1672 | GU11: 1330 | GV11: 1039 | GW11: 809 | GX11: 597 | GY11: 420 | GZ11: 1387 | HA11: 217348 | HB11: 219834 | HC11: 222574 | HD11: 226046 | HE11: 229806 | HF11: 234322 | HG11: 237808 | HH11: 241133 | HI11: 243882 | HJ11: 247081 | HK11: 250549 | HL11: 254214 | HM11: 254065 | HN11: 252631 | HO11: 249879 | HP11: 244783 | HQ11: 239612 | HR11: 232781 | HS11: 222979 | HT11: 212709 | HU11: 202874 | HV11: 193354 | HW11: 187031 | HX11: 182391 | HY11: 177680 | HZ11: 172142 | IA11: 166653 | IB11: 161871 | IC11: 157856 | ID11: 154351 | IE11: 151476 | IF11: 149691 | IG11: 148349 | IH11: 147341 | II11: 147350 | IJ11: 147355 | IK11: 146658 | IL11: 145844 | IM11: 144310 | IN11: 141471 | IO11: 138173 | IP11: 134983 | IQ11: 131609 | IR11: 129260 | IS11: 128071 | IT11: 127186 | IU11: 126409 | IV11: 125907 | IW11: 125167 | IX11: 123653 | IY11: 121892 | IZ11: 120032 | JA11: 117806 | JB11: 115530 | JC11: 113114 | JD11: 110255 | JE11: 106891 | JF11: 103386 | JG11: 99603 | JH11: 95969 | JI11: 92543 | JJ11: 89252 | JK11: 85971 | JL11: 82890 | JM11: 79883 | JN11: 76858 | JO11: 73868 | JP11: 70864 | JQ11: 67685 | JR11: 64494 | JS11: 61198 | JT11: 57589 | JU11: 53932 | JV11: 50463 | JW11: 47227 | JX11: 44587 | JY11: 42410 | JZ11: 40221 | KA11: 37714 | KB11: 35003 | KC11: 32004 | KD11: 28820 | KE11: 25754 | KF11: 22984 | KG11: 20334 | KH11: 17907 | KI11: 15593 | KJ11: 13411 | KK11: 11410 | KL11: 9614 | KM11: 7966 | KN11: 6379 | KO11: 5039 | KP11: 3951 | KQ11: 3061 | KR11: 2390 | KS11: 1830 | KT11: 1401 | KU11: 1035 | KV11: 765 | KW11: 2693
A12: Total Nacional | B12: 2018 | C12: Total | D12: 48258494 | E12: 23614164 | F12: 24644330 | G12: 379611 | H12: 384392 | I12: 389812 | J12: 395361 | K12: 400077 | L12: 405013 | M12: 410040 | N12: 415839 | O12: 421676 | P12: 427467 | Q12: 433301 | R12: 439515 | S12: 440403 | T12: 440428 | U12: 438851 | V12: 436918 | W12: 435090 | X12: 434665 | Y12: 428650 | Z12: 423143 | AA12: 418454 | AB12: 415566 | AC12: 413985 | AD12: 412666 | AE12: 408429 | AF12: 400028 | AG12: 390200 | AH12: 380463 | AI12: 370656 | AJ12: 361288 | AK12: 350860 | AL12: 344052 | AM12: 338075 | AN12: 333980 | AO12: 331625 | AP12: 328894 | AQ12: 324855 | AR12: 321093 | AS12: 314589 | AT12: 306368 | AU12: 295689 | AV12: 287041 | AW12: 276711 | AX12: 270668 | AY12: 267492 | AZ12: 265604 | BA12: 264388 | BB12: 264242 | BC12: 263755 | BD12: 262960 | BE12: 259797 | BF12: 258085 | BG12: 254041 | BH12: 250429 | BI12: 245423 | BJ12: 239072 | BK12: 231045 | BL12: 221802 | BM12: 211520 | BN12: 202507 | BO12: 193446 | BP12: 185521 | BQ12: 176917 | BR12: 169729 | BS12: 162052 | BT12: 154357 | BU12: 146719 | BV12: 139304 | BW12: 131614 | BX12: 124364 | BY12: 116933 | BZ12: 109194 | CA12: 101088 | CB12: 93900 | CC12: 87427 | CD12: 82182 | CE12: 77454 | CF12: 72726 | CG12: 67704 | CH12: 62577 | CI12: 57078 | CJ12: 51129 | CK12: 45461 | CL12: 40677 | CM12: 36287 | CN12: 32267 | CO12: 28138 | CP12: 24379 | CQ12: 20787 | CR12: 17676 | CS12: 14618 | CT12: 11729 | CU12: 9288 | CV12: 7194 | CW12: 5546 | CX12: 4245 | CY12: 3178 | CZ12: 2364 | DA12: 1741 | DB12: 1339 | DC12: 5186 | DD12: 360423 | DE12: 366857 | DF12: 371459 | DG12: 376170 | DH12: 381397 | DI12: 386598 | DJ12: 391876 | DK12: 396570 | DL12: 401512 | DM12: 406877 | DN12: 412775 | DO12: 418905 | DP12: 419464 | DQ12: 419343 | DR12: 419171 | DS12: 418997 | DT12: 418896 | DU12: 419284 | DV12: 418971 | DW12: 418378 | DX12: 417918 | DY12: 414027 | DZ12: 412009 | EA12: 410970 | EB12: 407892 | EC12: 402058 | ED12: 394042 | EE12: 385207 | EF12: 376853 | EG12: 368139 | EH12: 361968 | EI12: 356889 | EJ12: 353543 | EK12: 350216 | EL12: 349979 | EM12: 349810 | EN12: 347671 | EO12: 343864 | EP12: 338579 | EQ12: 328833 | ER12: 320471 | ES12: 310466 | ET12: 302241 | EU12: 295448 | EV12: 292176 | EW12: 290099 | EX12: 289095 | EY12: 289688 | EZ12: 290593 | FA12: 288498 | FB12: 287931 | FC12: 285470 | FD12: 283684 | FE12: 279848 | FF12: 275666 | FG12: 269428 | FH12: 261097 | FI12: 252378 | FJ12: 243174 | FK12: 233432 | FL12: 225283 | FM12: 216444 | FN12: 208105 | FO12: 198714 | FP12: 189686 | FQ12: 180288 | FR12: 171373 | FS12: 163086 | FT12: 154981 | FU12: 146413 | FV12: 138045 | FW12: 129145 | FX12: 120847 | FY12: 112691 | FZ12: 105368 | GA12: 99133 | GB12: 94326 | GC12: 89894 | GD12: 84997 | GE12: 79592 | GF12: 73913 | GG12: 68168 | GH12: 62476 | GI12: 56752 | GJ12: 50930 | GK12: 45487 | GL12: 40619 | GM12: 35858 | GN12: 31388 | GO12: 27051 | GP12: 22966 | GQ12: 18797 | GR12: 15014 | GS12: 11921 | GT12: 9369 | GU12: 7412 | GV12: 5783 | GW12: 4447 | GX12: 3193 | GY12: 2145 | GZ12: 6957 | HA12: 740034 | HB12: 751249 | HC12: 761271 | HD12: 771531 | HE12: 781474 | HF12: 791611 | HG12: 801916 | HH12: 812409 | HI12: 823188 | HJ12: 834344 | HK12: 846076 | HL12: 858420 | HM12: 859867 | HN12: 859771 | HO12: 858022 | HP12: 855915 | HQ12: 853986 | HR12: 853949 | HS12: 847621 | HT12: 841521 | HU12: 836372 | HV12: 829593 | HW12: 825994 | HX12: 823636 | HY12: 816321 | HZ12: 802086 | IA12: 784242 | IB12: 765670 | IC12: 747509 | ID12: 729427 | IE12: 712828 | IF12: 700941 | IG12: 691618 | IH12: 684196 | II12: 681604 | IJ12: 678704 | IK12: 672526 | IL12: 664957 | IM12: 653168 | IN12: 635201 | IO12: 616160 | IP12: 597507 | IQ12: 578952 | IR12: 566116 | IS12: 559668 | IT12: 555703 | IU12: 553483 | IV12: 553930 | IW12: 554348 | IX12: 551458 | IY12: 547728 | IZ12: 543555 | JA12: 537725 | JB12: 530277 | JC12: 521089 | JD12: 508500 | JE12: 492142 | JF12: 474180 | JG12: 454694 | JH12: 435939 | JI12: 418729 | JJ12: 401965 | JK12: 385022 | JL12: 368443 | JM12: 351738 | JN12: 334645 | JO12: 318092 | JP12: 302390 | JQ12: 286595 | JR12: 270777 | JS12: 254978 | JT12: 238339 | JU12: 221935 | JV12: 206591 | JW12: 192795 | JX12: 181315 | JY12: 171780 | JZ12: 162620 | KA12: 152701 | KB12: 142169 | KC12: 130991 | KD12: 119297 | KE12: 107937 | KF12: 97429 | KG12: 87217 | KH12: 77754 | KI12: 68757 | KJ12: 60237 | KK12: 52175 | KL12: 44727 | KM12: 37584 | KN12: 30526 | KO12: 24302 | KP12: 19115 | KQ12: 14915 | KR12: 11657 | KS12: 8961 | KT12: 6811 | KU12: 4934 | KV12: 3484 | KW12: 12143
A13: Total Nacional | B13: 2019 | C13: Cabecera | D13: 37219289 | E13: 17846792 | F13: 19372497 | G13: 267420 | H13: 273412 | I13: 276783 | J13: 280107 | K13: 283243 | L13: 285528 | M13: 288638 | N13: 291776 | O13: 295702 | P13: 299371 | Q13: 303080 | R13: 306819 | S13: 310831 | T13: 311818 | U13: 312382 | V13: 312941 | W13: 313480 | X13: 314844 | Y13: 318375 | Z13: 318349 | AA13: 319239 | AB13: 320743 | AC13: 323189 | AD13: 325154 | AE13: 326387 | AF13: 324690 | AG13: 319183 | AH13: 311979 | AI13: 304328 | AJ13: 296216 | AK13: 288201 | AL13: 279261 | AM13: 273014 | AN13: 267519 | AO13: 263345 | AP13: 260494 | AQ13: 257351 | AR13: 253161 | AS13: 249155 | AT13: 242795 | AU13: 235228 | AV13: 226006 | AW13: 218381 | AX13: 209703 | AY13: 204397 | AZ13: 201481 | BA13: 199739 | BB13: 198666 | BC13: 198565 | BD13: 198256 | BE13: 197728 | BF13: 195409 | BG13: 194280 | BH13: 191392 | BI13: 188644 | BJ13: 184685 | BK13: 179559 | BL13: 173079 | BM13: 165544 | BN13: 157278 | BO13: 149972 | BP13: 142674 | BQ13: 136215 | BR13: 129264 | BS13: 123419 | BT13: 117160 | BU13: 110864 | BV13: 104704 | BW13: 98866 | BX13: 92912 | BY13: 87247 | BZ13: 81515 | CA13: 75694 | CB13: 69719 | CC13: 64407 | CD13: 59670 | CE13: 55710 | CF13: 52208 | CG13: 48758 | CH13: 45165 | CI13: 41506 | CJ13: 37696 | CK13: 33697 | CL13: 29932 | CM13: 26723 | CN13: 23753 | CO13: 20978 | CP13: 18214 | CQ13: 15703 | CR13: 13312 | CS13: 11224 | CT13: 9194 | CU13: 7303 | CV13: 5723 | CW13: 4379 | CX13: 3337 | CY13: 2535 | CZ13: 1873 | DA13: 1379 | DB13: 1011 | DC13: 2854 | DD13: 254999 | DE13: 260283 | DF13: 264552 | DG13: 267382 | DH13: 270177 | DI13: 273026 | DJ13: 276279 | DK13: 279839 | DL13: 283400 | DM13: 287087 | DN13: 290916 | DO13: 295119 | DP13: 299733 | DQ13: 300977 | DR13: 302307 | DS13: 304775 | DT13: 307394 | DU13: 310927 | DV13: 316085 | DW13: 321412 | DX13: 326197 | DY13: 330391 | DZ13: 331191 | EA13: 332066 | EB13: 332781 | EC13: 331191 | ED13: 327067 | EE13: 320862 | EF13: 313610 | EG13: 306490 | EH13: 298954 | EI13: 293329 | EJ13: 288664 | EK13: 285372 | EL13: 282320 | EM13: 281781 | EN13: 281279 | EO13: 279284 | EP13: 275854 | EQ13: 271351 | ER13: 263341 | ES13: 256415 | ET13: 248165 | EU13: 241338 | EV13: 235938 | EW13: 233383 | EX13: 231842 | EY13: 231240 | EZ13: 232039 | FA13: 233224 | FB13: 231985 | FC13: 231923 | FD13: 230371 | FE13: 229275 | FF13: 226417 | FG13: 223131 | FH13: 218079 | FI13: 211180 | FJ13: 203896 | FK13: 196171 | FL13: 188107 | FM13: 181350 | FN13: 174013 | FO13: 166999 | FP13: 159035 | FQ13: 151366 | FR13: 143384 | FS13: 135784 | FT13: 128731 | FU13: 121840 | FV13: 114670 | FW13: 107732 | FX13: 100409 | FY13: 93550 | FZ13: 86908 | GA13: 80968 | GB13: 75901 | GC13: 71808 | GD13: 68068 | GE13: 64054 | GF13: 59740 | GG13: 55260 | GH13: 50723 | GI13: 46187 | GJ13: 41694 | GK13: 37259 | GL13: 33104 | GM13: 29380 | GN13: 25755 | GO13: 22367 | GP13: 19105 | GQ13: 16052 | GR13: 12995 | GS13: 10255 | GT13: 8024 | GU13: 6212 | GV13: 4830 | GW13: 3709 | GX13: 2805 | GY13: 1981 | GZ13: 4327 | HA13: 522419 | HB13: 533695 | HC13: 541335 | HD13: 547489 | HE13: 553420 | HF13: 558554 | HG13: 564917 | HH13: 571615 | HI13: 579102 | HJ13: 586458 | HK13: 593996 | HL13: 601938 | HM13: 610564 | HN13: 612795 | HO13: 614689 | HP13: 617716 | HQ13: 620874 | HR13: 625771 | HS13: 634460 | HT13: 639761 | HU13: 645436 | HV13: 651134 | HW13: 654380 | HX13: 657220 | HY13: 659168 | HZ13: 655881 | IA13: 646250 | IB13: 632841 | IC13: 617938 | ID13: 602706 | IE13: 587155 | IF13: 572590 | IG13: 561678 | IH13: 552891 | II13: 545665 | IJ13: 542275 | IK13: 538630 | IL13: 532445 | IM13: 525009 | IN13: 514146 | IO13: 498569 | IP13: 482421 | IQ13: 466546 | IR13: 451041 | IS13: 440335 | IT13: 434864 | IU13: 431581 | IV13: 429906 | IW13: 430604 | IX13: 431480 | IY13: 429713 | IZ13: 427332 | JA13: 424651 | JB13: 420667 | JC13: 415061 | JD13: 407816 | JE13: 397638 | JF13: 384259 | JG13: 369440 | JH13: 353449 | JI13: 338079 | JJ13: 324024 | JK13: 310228 | JL13: 296263 | JM13: 282454 | JN13: 268526 | JO13: 254248 | JP13: 240488 | JQ13: 227597 | JR13: 214752 | JS13: 201917 | JT13: 189247 | JU13: 176103 | JV13: 163269 | JW13: 151315 | JX13: 140638 | JY13: 131611 | JZ13: 124016 | KA13: 116826 | KB13: 109219 | KC13: 101246 | KD13: 92956 | KE13: 84420 | KF13: 76119 | KG13: 68417 | KH13: 61012 | KI13: 54082 | KJ13: 47594 | KK13: 41458 | KL13: 35679 | KM13: 30329 | KN13: 25246 | KO13: 20298 | KP13: 15978 | KQ13: 12403 | KR13: 9549 | KS13: 7365 | KT13: 5582 | KU13: 4184 | KV13: 2992 | KW13: 7181
A14: Total Nacional | B14: 2019 | C14: Centros Poblados y Rural Disperso | D14: 12047237 | E14: 6270851 | F14: 5776386 | G14: 112272 | H14: 113270 | I14: 114410 | J14: 116137 | K14: 118171 | L14: 120243 | M14: 121728 | N14: 123290 | O14: 124863 | P14: 126739 | Q14: 128549 | R14: 130399 | S14: 132359 | T14: 132075 | U14: 131427 | V14: 129345 | W14: 127159 | X14: 124534 | Y14: 121353 | Z14: 116275 | AA14: 110789 | AB14: 105383 | AC14: 100634 | AD14: 97448 | AE14: 95030 | AF14: 92451 | AG14: 89378 | AH14: 86480 | AI14: 84039 | AJ14: 81945 | AK14: 80151 | AL14: 78236 | AM14: 77218 | AN14: 76297 | AO14: 75937 | AP14: 76005 | AQ14: 76005 | AR14: 75775 | AS14: 75642 | AT14: 75151 | AU14: 74174 | AV14: 72429 | AW14: 71117 | AX14: 69215 | AY14: 68220 | AZ14: 67699 | BA14: 67302 | BB14: 66910 | BC14: 66611 | BD14: 66191 | BE14: 65677 | BF14: 64606 | BG14: 63787 | BH14: 62410 | BI14: 61316 | BJ14: 60049 | BK14: 58612 | BL14: 56874 | BM14: 54977 | BN14: 52798 | BO14: 50922 | BP14: 48984 | BQ14: 47339 | BR14: 45524 | BS14: 43990 | BT14: 42400 | BU14: 40823 | BV14: 39186 | BW14: 37447 | BX14: 35559 | BY14: 33828 | BZ14: 32003 | CA14: 29978 | CB14: 27788 | CC14: 25832 | CD14: 24016 | CE14: 22613 | CF14: 21253 | CG14: 19864 | CH14: 18361 | CI14: 16855 | CJ14: 15200 | CK14: 13360 | CL14: 11595 | CM14: 10137 | CN14: 8850 | CO14: 7743 | CP14: 6589 | CQ14: 5559 | CR14: 4618 | CS14: 3843 | CT14: 3110 | CU14: 2447 | CV14: 1901 | CW14: 1450 | CX14: 1103 | CY14: 826 | CZ14: 617 | DA14: 462 | DB14: 342 | DC14: 968 | DD14: 106191 | DE14: 106731 | DF14: 108669 | DG14: 110128 | DH14: 111719 | DI14: 113786 | DJ14: 115429 | DK14: 116860 | DL14: 117720 | DM14: 118718 | DN14: 120011 | DO14: 121482 | DP14: 122787 | DQ14: 121950 | DR14: 120445 | DS14: 117948 | DT14: 115639 | DU14: 112880 | DV14: 109242 | DW14: 104791 | DX14: 100439 | DY14: 96524 | DZ14: 92283 | EA14: 89555 | EB14: 87730 | EC14: 86003 | ED14: 83941 | EE14: 81715 | EF14: 79679 | EG14: 77968 | EH14: 76326 | EI14: 75308 | EJ14: 74441 | EK14: 73945 | EL14: 73255 | EM14: 73155 | EN14: 73096 | EO14: 72591 | EP14: 71870 | EQ14: 70763 | ER14: 68741 | ES14: 67022 | ET14: 65018 | EU14: 63380 | EV14: 61758 | EW14: 60814 | EX14: 60059 | EY14: 59443 | EZ14: 59022 | FA14: 58528 | FB14: 57484 | FC14: 56772 | FD14: 55672 | FE14: 54788 | FF14: 53627 | FG14: 52543 | FH14: 51182 | FI14: 49584 | FJ14: 47983 | FK14: 46346 | FL14: 44514 | FM14: 42955 | FN14: 41298 | FO14: 39798 | FP14: 38214 | FQ14: 36696 | FR14: 35128 | FS14: 33648 | FT14: 32247 | FU14: 30864 | FV14: 29305 | FW14: 27721 | FX14: 26015 | FY14: 24432 | FZ14: 22799 | GA14: 21267 | GB14: 19935 | GC14: 19008 | GD14: 18085 | GE14: 16997 | GF14: 15739 | GG14: 14410 | GH14: 13113 | GI14: 11891 | GJ14: 10642 | GK14: 9367 | GL14: 8162 | GM14: 7102 | GN14: 6108 | GO14: 5199 | GP14: 4359 | GQ14: 3600 | GR14: 2868 | GS14: 2239 | GT14: 1750 | GU14: 1357 | GV14: 1067 | GW14: 822 | GX14: 638 | GY14: 472 | GZ14: 1076 | HA14: 218463 | HB14: 220001 | HC14: 223079 | HD14: 226265 | HE14: 229890 | HF14: 234029 | HG14: 237157 | HH14: 240150 | HI14: 242583 | HJ14: 245457 | HK14: 248560 | HL14: 251881 | HM14: 255146 | HN14: 254025 | HO14: 251872 | HP14: 247293 | HQ14: 242798 | HR14: 237414 | HS14: 230595 | HT14: 221066 | HU14: 211228 | HV14: 201907 | HW14: 192917 | HX14: 187003 | HY14: 182760 | HZ14: 178454 | IA14: 173319 | IB14: 168195 | IC14: 163718 | ID14: 159913 | IE14: 156477 | IF14: 153544 | IG14: 151659 | IH14: 150242 | II14: 149192 | IJ14: 149160 | IK14: 149101 | IL14: 148366 | IM14: 147512 | IN14: 145914 | IO14: 142915 | IP14: 139451 | IQ14: 136135 | IR14: 132595 | IS14: 129978 | IT14: 128513 | IU14: 127361 | IV14: 126353 | IW14: 125633 | IX14: 124719 | IY14: 123161 | IZ14: 121378 | JA14: 119459 | JB14: 117198 | JC14: 114943 | JD14: 112592 | JE14: 109794 | JF14: 106458 | JG14: 102960 | JH14: 99144 | JI14: 95436 | JJ14: 91939 | JK14: 88637 | JL14: 85322 | JM14: 82204 | JN14: 79096 | JO14: 75951 | JP14: 72834 | JQ14: 69694 | JR14: 66423 | JS14: 63133 | JT14: 59724 | JU14: 55993 | JV14: 52220 | JW14: 48631 | JX14: 45283 | JY14: 42548 | JZ14: 40261 | KA14: 37949 | KB14: 35358 | KC14: 32594 | KD14: 29610 | KE14: 26473 | KF14: 23486 | KG14: 20779 | KH14: 18217 | KI14: 15905 | KJ14: 13691 | KK14: 11667 | KL14: 9817 | KM14: 8202 | KN14: 6710 | KO14: 5315 | KP14: 4140 | KQ14: 3200 | KR14: 2460 | KS14: 1893 | KT14: 1439 | KU14: 1100 | KV14: 814 | KW14: 2044
A15: Total Nacional | B15: 2019 | C15: Total | D15: 49266526 | E15: 24117643 | F15: 25148883 | G15: 379692 | H15: 386682 | I15: 391193 | J15: 396244 | K15: 401414 | L15: 405771 | M15: 410366 | N15: 415066 | O15: 420565 | P15: 426110 | Q15: 431629 | R15: 437218 | S15: 443190 | T15: 443893 | U15: 443809 | V15: 442286 | W15: 440639 | X15: 439378 | Y15: 439728 | Z15: 434624 | AA15: 430028 | AB15: 426126 | AC15: 423823 | AD15: 422602 | AE15: 421417 | AF15: 417141 | AG15: 408561 | AH15: 398459 | AI15: 388367 | AJ15: 378161 | AK15: 368352 | AL15: 357497 | AM15: 350232 | AN15: 343816 | AO15: 339282 | AP15: 336499 | AQ15: 333356 | AR15: 328936 | AS15: 324797 | AT15: 317946 | AU15: 309402 | AV15: 298435 | AW15: 289498 | AX15: 278918 | AY15: 272617 | AZ15: 269180 | BA15: 267041 | BB15: 265576 | BC15: 265176 | BD15: 264447 | BE15: 263405 | BF15: 260015 | BG15: 258067 | BH15: 253802 | BI15: 249960 | BJ15: 244734 | BK15: 238171 | BL15: 229953 | BM15: 220521 | BN15: 210076 | BO15: 200894 | BP15: 191658 | BQ15: 183554 | BR15: 174788 | BS15: 167409 | BT15: 159560 | BU15: 151687 | BV15: 143890 | BW15: 136313 | BX15: 128471 | BY15: 121075 | BZ15: 113518 | CA15: 105672 | CB15: 97507 | CC15: 90239 | CD15: 83686 | CE15: 78323 | CF15: 73461 | CG15: 68622 | CH15: 63526 | CI15: 58361 | CJ15: 52896 | CK15: 47057 | CL15: 41527 | CM15: 36860 | CN15: 32603 | CO15: 28721 | CP15: 24803 | CQ15: 21262 | CR15: 17930 | CS15: 15067 | CT15: 12304 | CU15: 9750 | CV15: 7624 | CW15: 5829 | CX15: 4440 | CY15: 3361 | CZ15: 2490 | DA15: 1841 | DB15: 1353 | DC15: 3822 | DD15: 361190 | DE15: 367014 | DF15: 373221 | DG15: 377510 | DH15: 381896 | DI15: 386812 | DJ15: 391708 | DK15: 396699 | DL15: 401120 | DM15: 405805 | DN15: 410927 | DO15: 416601 | DP15: 422520 | DQ15: 422927 | DR15: 422752 | DS15: 422723 | DT15: 423033 | DU15: 423807 | DV15: 425327 | DW15: 426203 | DX15: 426636 | DY15: 426915 | DZ15: 423474 | EA15: 421621 | EB15: 420511 | EC15: 417194 | ED15: 411008 | EE15: 402577 | EF15: 393289 | EG15: 384458 | EH15: 375280 | EI15: 368637 | EJ15: 363105 | EK15: 359317 | EL15: 355575 | EM15: 354936 | EN15: 354375 | EO15: 351875 | EP15: 347724 | EQ15: 342114 | ER15: 332082 | ES15: 323437 | ET15: 313183 | EU15: 304718 | EV15: 297696 | EW15: 294197 | EX15: 291901 | EY15: 290683 | EZ15: 291061 | FA15: 291752 | FB15: 289469 | FC15: 288695 | FD15: 286043 | FE15: 284063 | FF15: 280044 | FG15: 275674 | FH15: 269261 | FI15: 260764 | FJ15: 251879 | FK15: 242517 | FL15: 232621 | FM15: 224305 | FN15: 215311 | FO15: 206797 | FP15: 197249 | FQ15: 188062 | FR15: 178512 | FS15: 169432 | FT15: 160978 | FU15: 152704 | FV15: 143975 | FW15: 135453 | FX15: 126424 | FY15: 117982 | FZ15: 109707 | GA15: 102235 | GB15: 95836 | GC15: 90816 | GD15: 86153 | GE15: 81051 | GF15: 75479 | GG15: 69670 | GH15: 63836 | GI15: 58078 | GJ15: 52336 | GK15: 46626 | GL15: 41266 | GM15: 36482 | GN15: 31863 | GO15: 27566 | GP15: 23464 | GQ15: 19652 | GR15: 15863 | GS15: 12494 | GT15: 9774 | GU15: 7569 | GV15: 5897 | GW15: 4531 | GX15: 3443 | GY15: 2453 | GZ15: 5403 | HA15: 740882 | HB15: 753696 | HC15: 764414 | HD15: 773754 | HE15: 783310 | HF15: 792583 | HG15: 802074 | HH15: 811765 | HI15: 821685 | HJ15: 831915 | HK15: 842556 | HL15: 853819 | HM15: 865710 | HN15: 866820 | HO15: 866561 | HP15: 865009 | HQ15: 863672 | HR15: 863185 | HS15: 865055 | HT15: 860827 | HU15: 856664 | HV15: 853041 | HW15: 847297 | HX15: 844223 | HY15: 841928 | HZ15: 834335 | IA15: 819569 | IB15: 801036 | IC15: 781656 | ID15: 762619 | IE15: 743632 | IF15: 726134 | IG15: 713337 | IH15: 703133 | II15: 694857 | IJ15: 691435 | IK15: 687731 | IL15: 680811 | IM15: 672521 | IN15: 660060 | IO15: 641484 | IP15: 621872 | IQ15: 602681 | IR15: 583636 | IS15: 570313 | IT15: 563377 | IU15: 558942 | IV15: 556259 | IW15: 556237 | IX15: 556199 | IY15: 552874 | IZ15: 548710 | JA15: 544110 | JB15: 537865 | JC15: 530004 | JD15: 520408 | JE15: 507432 | JF15: 490717 | JG15: 472400 | JH15: 452593 | JI15: 433515 | JJ15: 415963 | JK15: 398865 | JL15: 381585 | JM15: 364658 | JN15: 347622 | JO15: 330199 | JP15: 313322 | JQ15: 297291 | JR15: 281175 | JS15: 265050 | JT15: 248971 | JU15: 232096 | JV15: 215489 | JW15: 199946 | JX15: 185921 | JY15: 174159 | JZ15: 164277 | KA15: 154775 | KB15: 144577 | KC15: 133840 | KD15: 122566 | KE15: 110893 | KF15: 99605 | KG15: 89196 | KH15: 79229 | KI15: 69987 | KJ15: 61285 | KK15: 53125 | KL15: 45496 | KM15: 38531 | KN15: 31956 | KO15: 25613 | KP15: 20118 | KQ15: 15603 | KR15: 12009 | KS15: 9258 | KT15: 7021 | KU15: 5284 | KV15: 3806 | KW15: 9225
A16: Total Nacional | B16: 2020 | C16: Cabecera | D16: 38130362 | E16: 18296255 | F16: 19834107 | G16: 272089 | H16: 274272 | I16: 279600 | J16: 282319 | K16: 285125 | L16: 287612 | M16: 290288 | N16: 293163 | O16: 296353 | P16: 299864 | Q16: 303276 | R16: 306767 | S16: 310322 | T16: 314669 | U16: 315884 | V16: 317451 | W16: 318102 | X16: 319481 | Y16: 321861 | Z16: 326448 | AA16: 327331 | AB16: 328919 | AC16: 330867 | AD16: 333515 | AE16: 335462 | AF16: 336436 | AG16: 334290 | AH16: 328248 | AI16: 320443 | AJ16: 312158 | AK16: 303453 | AL16: 294891 | AM16: 285461 | AN16: 278706 | AO16: 272693 | AP16: 268028 | AQ16: 264720 | AR16: 261125 | AS16: 256507 | AT16: 252118 | AU16: 245464 | AV16: 237637 | AW16: 228174 | AX16: 220343 | AY16: 211529 | AZ16: 206106 | BA16: 203075 | BB16: 201198 | BC16: 199991 | BD16: 199748 | BE16: 199219 | BF16: 198456 | BG16: 195935 | BH16: 194587 | BI16: 191464 | BJ16: 188443 | BK16: 184225 | BL16: 178855 | BM16: 172156 | BN16: 164444 | BO16: 156048 | BP16: 148595 | BQ16: 141153 | BR16: 134544 | BS16: 127439 | BT16: 121474 | BU16: 115107 | BV16: 108728 | BW16: 102494 | BX16: 96551 | BY16: 90514 | BZ16: 84775 | CA16: 78979 | CB16: 73143 | CC16: 67150 | CD16: 61836 | CE16: 57068 | CF16: 53064 | CG16: 49499 | CH16: 45991 | CI16: 42376 | CJ16: 38712 | CK16: 34929 | CL16: 31004 | CM16: 27338 | CN16: 24210 | CO16: 21320 | CP16: 18652 | CQ16: 16025 | CR16: 13669 | CS16: 11449 | CT16: 9527 | CU16: 7707 | CV16: 6051 | CW16: 4674 | CX16: 3546 | CY16: 2674 | CZ16: 2007 | DA16: 1475 | DB16: 1089 | DC16: 2303 | DD16: 259426 | DE16: 261387 | DF16: 266076 | DG16: 269757 | DH16: 272146 | DI16: 274447 | DJ16: 277555 | DK16: 280838 | DL16: 284582 | DM16: 287816 | DN16: 291263 | DO16: 294937 | DP16: 299220 | DQ16: 304107 | DR16: 305665 | DS16: 308069 | DT16: 310750 | DU16: 314439 | DV16: 319267 | DW16: 325641 | DX16: 331907 | DY16: 337270 | DZ16: 341688 | EA16: 342402 | EB16: 342960 | EC16: 343179 | ED16: 340984 | EE16: 336199 | EF16: 329321 | EG16: 321456 | EH16: 313790 | EI16: 305785 | EJ16: 299715 | EK16: 294625 | EL16: 290913 | EM16: 287467 | EN16: 286524 | EO16: 285663 | EP16: 283297 | EQ16: 279543 | ER16: 274765 | ES16: 266518 | ET16: 259354 | EU16: 250903 | EV16: 243932 | EW16: 238413 | EX16: 235731 | EY16: 234025 | EZ16: 233275 | FA16: 233898 | FB16: 234865 | FC16: 233399 | FD16: 233138 | FE16: 231385 | FF16: 230051 | FG16: 226943 | FH16: 223413 | FI16: 218159 | FJ16: 211069 | FK16: 203628 | FL16: 195761 | FM16: 187546 | FN16: 180601 | FO16: 173079 | FP16: 165883 | FQ16: 157779 | FR16: 149979 | FS16: 141870 | FT16: 134140 | FU16: 126943 | FV16: 119901 | FW16: 112625 | FX16: 105592 | FY16: 98191 | FZ16: 91250 | GA16: 84523 | GB16: 78478 | GC16: 73282 | GD16: 69035 | GE16: 65133 | GF16: 60974 | GG16: 56513 | GH16: 51944 | GI16: 47327 | GJ16: 42763 | GK16: 38326 | GL16: 33948 | GM16: 29877 | GN16: 26233 | GO16: 22726 | GP16: 19480 | GQ16: 16414 | GR16: 13599 | GS16: 10862 | GT16: 8446 | GU16: 6517 | GV16: 4970 | GW16: 3815 | GX16: 2888 | GY16: 2156 | GZ16: 3798 | HA16: 531515 | HB16: 535659 | HC16: 545676 | HD16: 552076 | HE16: 557271 | HF16: 562059 | HG16: 567843 | HH16: 574001 | HI16: 580935 | HJ16: 587680 | HK16: 594539 | HL16: 601704 | HM16: 609542 | HN16: 618776 | HO16: 621549 | HP16: 625520 | HQ16: 628852 | HR16: 633920 | HS16: 641128 | HT16: 652089 | HU16: 659238 | HV16: 666189 | HW16: 672555 | HX16: 675917 | HY16: 678422 | HZ16: 679615 | IA16: 675274 | IB16: 664447 | IC16: 649764 | ID16: 633614 | IE16: 617243 | IF16: 600676 | IG16: 585176 | IH16: 573331 | II16: 563606 | IJ16: 555495 | IK16: 551244 | IL16: 546788 | IM16: 539804 | IN16: 531661 | IO16: 520229 | IP16: 504155 | IQ16: 487528 | IR16: 471246 | IS16: 455461 | IT16: 444519 | IU16: 438806 | IV16: 435223 | IW16: 433266 | IX16: 433646 | IY16: 434084 | IZ16: 431855 | JA16: 429073 | JB16: 425972 | JC16: 421515 | JD16: 415386 | JE16: 407638 | JF16: 397014 | JG16: 383225 | JH16: 368072 | JI16: 351809 | JJ16: 336141 | JK16: 321754 | JL16: 307623 | JM16: 293322 | JN16: 279253 | JO16: 265086 | JP16: 250598 | JQ16: 236634 | JR16: 223494 | JS16: 210415 | JT16: 197400 | JU16: 184571 | JV16: 171334 | JW16: 158400 | JX16: 146359 | JY16: 135546 | JZ16: 126346 | KA16: 118534 | KB16: 111124 | KC16: 103350 | KD16: 95225 | KE16: 86873 | KF16: 78331 | KG16: 70101 | KH16: 62536 | KI16: 55268 | KJ16: 48529 | KK16: 42258 | KL16: 36395 | KM16: 30929 | KN16: 25941 | KO16: 21306 | KP16: 16913 | KQ16: 13120 | KR16: 10063 | KS16: 7644 | KT16: 5822 | KU16: 4363 | KV16: 3245 | KW16: 6101
A17: Total Nacional | B17: 2020 | C17: Centros Poblados y Rural Disperso | D17: 12260428 | E17: 6383485 | F17: 5876943 | G17: 113511 | H17: 113849 | I17: 115140 | J17: 116488 | K17: 118285 | L17: 120545 | M17: 121819 | N17: 123152 | O17: 124313 | P17: 125956 | Q17: 127776 | R17: 129512 | S17: 131278 | T17: 132687 | U17: 132056 | V17: 130486 | W17: 128660 | X17: 126323 | Y17: 123626 | Z17: 120464 | AA17: 115555 | AB17: 110299 | AC17: 105164 | AD17: 100642 | AE17: 97657 | AF17: 95443 | AG17: 93074 | AH17: 90205 | AI17: 87488 | AJ17: 85202 | AK17: 83182 | AL17: 81401 | AM17: 79458 | AN17: 78432 | AO17: 77517 | AP17: 77153 | AQ17: 77199 | AR17: 77190 | AS17: 76954 | AT17: 76788 | AU17: 76209 | AV17: 75130 | AW17: 73306 | AX17: 71883 | AY17: 69835 | AZ17: 68671 | BA17: 67991 | BB17: 67442 | BC17: 66911 | BD17: 66485 | BE17: 66014 | BF17: 65470 | BG17: 64356 | BH17: 63496 | BI17: 62116 | BJ17: 61047 | BK17: 59796 | BL17: 58381 | BM17: 56646 | BN17: 54736 | BO17: 52515 | BP17: 50592 | BQ17: 48627 | BR17: 46942 | BS17: 45098 | BT17: 43498 | BU17: 41828 | BV17: 40165 | BW17: 38429 | BX17: 36627 | BY17: 34682 | BZ17: 32880 | CA17: 30986 | CB17: 28891 | CC17: 26656 | CD17: 24648 | CE17: 22786 | CF17: 21324 | CG17: 19918 | CH17: 18489 | CI17: 16966 | CJ17: 15460 | CK17: 13838 | CL17: 12059 | CM17: 10375 | CN17: 8982 | CO17: 7772 | CP17: 6730 | CQ17: 5667 | CR17: 4730 | CS17: 3889 | CT17: 3202 | CU17: 2565 | CV17: 1983 | CW17: 1536 | CX17: 1152 | CY17: 870 | CZ17: 649 | DA17: 487 | DB17: 363 | DC17: 779 | DD17: 107349 | DE17: 107640 | DF17: 108474 | DG17: 110616 | DH17: 112139 | DI17: 113850 | DJ17: 115299 | DK17: 116581 | DL17: 117500 | DM17: 118385 | DN17: 119338 | DO17: 120530 | DP17: 121683 | DQ17: 122531 | DR17: 121314 | DS17: 118907 | DT17: 116772 | DU17: 114421 | DV17: 111709 | DW17: 108253 | DX17: 104065 | DY17: 100011 | DZ17: 96380 | EA17: 92422 | EB17: 89948 | EC17: 88336 | ED17: 86801 | EE17: 84906 | EF17: 82815 | EG17: 80841 | EH17: 79114 | EI17: 77400 | EJ17: 76294 | EK17: 75347 | EL17: 74776 | EM17: 74025 | EN17: 73880 | EO17: 73755 | EP17: 73217 | EQ17: 72451 | ER17: 71254 | ES17: 69158 | ET17: 67369 | EU17: 65284 | EV17: 63529 | EW17: 61778 | EX17: 60716 | EY17: 59883 | EZ17: 59180 | FA17: 58701 | FB17: 58199 | FC17: 57161 | FD17: 56433 | FE17: 55324 | FF17: 54468 | FG17: 53352 | FH17: 52307 | FI17: 50952 | FJ17: 49365 | FK17: 47743 | FL17: 46076 | FM17: 44224 | FN17: 42680 | FO17: 41025 | FP17: 39530 | FQ17: 37914 | FR17: 36357 | FS17: 34743 | FT17: 33225 | FU17: 31786 | FV17: 30373 | FW17: 28764 | FX17: 27110 | FY17: 25341 | FZ17: 23702 | GA17: 22022 | GB17: 20467 | GC17: 19094 | GD17: 18110 | GE17: 17126 | GF17: 15990 | GG17: 14733 | GH17: 13394 | GI17: 12104 | GJ17: 10889 | GK17: 9673 | GL17: 8434 | GM17: 7270 | GN17: 6263 | GO17: 5334 | GP17: 4500 | GQ17: 3728 | GR17: 3043 | GS17: 2389 | GT17: 1843 | GU17: 1419 | GV17: 1093 | GW17: 847 | GX17: 660 | GY17: 506 | GZ17: 931 | HA17: 220860 | HB17: 221489 | HC17: 223614 | HD17: 227104 | HE17: 230424 | HF17: 234395 | HG17: 237118 | HH17: 239733 | HI17: 241813 | HJ17: 244341 | HK17: 247114 | HL17: 250042 | HM17: 252961 | HN17: 255218 | HO17: 253370 | HP17: 249393 | HQ17: 245432 | HR17: 240744 | HS17: 235335 | HT17: 228717 | HU17: 219620 | HV17: 210310 | HW17: 201544 | HX17: 193064 | HY17: 187605 | HZ17: 183779 | IA17: 179875 | IB17: 175111 | IC17: 170303 | ID17: 166043 | IE17: 162296 | IF17: 158801 | IG17: 155752 | IH17: 153779 | II17: 152293 | IJ17: 151178 | IK17: 151079 | IL17: 150945 | IM17: 150171 | IN17: 149239 | IO17: 147463 | IP17: 144288 | IQ17: 140675 | IR17: 137167 | IS17: 133364 | IT17: 130449 | IU17: 128707 | IV17: 127325 | IW17: 126091 | IX17: 125186 | IY17: 124213 | IZ17: 122631 | JA17: 120789 | JB17: 118820 | JC17: 116584 | JD17: 114399 | JE17: 112103 | JF17: 109333 | JG17: 106011 | JH17: 102479 | JI17: 98591 | JJ17: 94816 | JK17: 91307 | JL17: 87967 | JM17: 84628 | JN17: 81412 | JO17: 78185 | JP17: 74908 | JQ17: 71654 | JR17: 68413 | JS17: 65055 | JT17: 61644 | JU17: 58096 | JV17: 54232 | JW17: 50358 | JX17: 46670 | JY17: 43253 | JZ17: 40418 | KA17: 38028 | KB17: 35615 | KC17: 32956 | KD17: 30193 | KE17: 27232 | KF17: 24163 | KG17: 21264 | KH17: 18655 | KI17: 16206 | KJ17: 14000 | KK17: 11930 | KL17: 10064 | KM17: 8389 | KN17: 6930 | KO17: 5608 | KP17: 4372 | KQ17: 3379 | KR17: 2571 | KS17: 1963 | KT17: 1496 | KU17: 1147 | KV17: 869 | KW17: 1710
A18: Total Nacional | B18: 2020 | C18: Total | D18: 50390790 | E18: 24679740 | F18: 25711050 | G18: 385600 | H18: 388121 | I18: 394740 | J18: 398807 | K18: 403410 | L18: 408157 | M18: 412107 | N18: 416315 | O18: 420666 | P18: 425820 | Q18: 431052 | R18: 436279 | S18: 441600 | T18: 447356 | U18: 447940 | V18: 447937 | W18: 446762 | X18: 445804 | Y18: 445487 | Z18: 446912 | AA18: 442886 | AB18: 439218 | AC18: 436031 | AD18: 434157 | AE18: 433119 | AF18: 431879 | AG18: 427364 | AH18: 418453 | AI18: 407931 | AJ18: 397360 | AK18: 386635 | AL18: 376292 | AM18: 364919 | AN18: 357138 | AO18: 350210 | AP18: 345181 | AQ18: 341919 | AR18: 338315 | AS18: 333461 | AT18: 328906 | AU18: 321673 | AV18: 312767 | AW18: 301480 | AX18: 292226 | AY18: 281364 | AZ18: 274777 | BA18: 271066 | BB18: 268640 | BC18: 266902 | BD18: 266233 | BE18: 265233 | BF18: 263926 | BG18: 260291 | BH18: 258083 | BI18: 253580 | BJ18: 249490 | BK18: 244021 | BL18: 237236 | BM18: 228802 | BN18: 219180 | BO18: 208563 | BP18: 199187 | BQ18: 189780 | BR18: 181486 | BS18: 172537 | BT18: 164972 | BU18: 156935 | BV18: 148893 | BW18: 140923 | BX18: 133178 | BY18: 125196 | BZ18: 117655 | CA18: 109965 | CB18: 102034 | CC18: 93806 | CD18: 86484 | CE18: 79854 | CF18: 74388 | CG18: 69417 | CH18: 64480 | CI18: 59342 | CJ18: 54172 | CK18: 48767 | CL18: 43063 | CM18: 37713 | CN18: 33192 | CO18: 29092 | CP18: 25382 | CQ18: 21692 | CR18: 18399 | CS18: 15338 | CT18: 12729 | CU18: 10272 | CV18: 8034 | CW18: 6210 | CX18: 4698 | CY18: 3544 | CZ18: 2656 | DA18: 1962 | DB18: 1452 | DC18: 3082 | DD18: 366775 | DE18: 369027 | DF18: 374550 | DG18: 380373 | DH18: 384285 | DI18: 388297 | DJ18: 392854 | DK18: 397419 | DL18: 402082 | DM18: 406201 | DN18: 410601 | DO18: 415467 | DP18: 420903 | DQ18: 426638 | DR18: 426979 | DS18: 426976 | DT18: 427522 | DU18: 428860 | DV18: 430976 | DW18: 433894 | DX18: 435972 | DY18: 437281 | DZ18: 438068 | EA18: 434824 | EB18: 432908 | EC18: 431515 | ED18: 427785 | EE18: 421105 | EF18: 412136 | EG18: 402297 | EH18: 392904 | EI18: 383185 | EJ18: 376009 | EK18: 369972 | EL18: 365689 | EM18: 361492 | EN18: 360404 | EO18: 359418 | EP18: 356514 | EQ18: 351994 | ER18: 346019 | ES18: 335676 | ET18: 326723 | EU18: 316187 | EV18: 307461 | EW18: 300191 | EX18: 296447 | EY18: 293908 | EZ18: 292455 | FA18: 292599 | FB18: 293064 | FC18: 290560 | FD18: 289571 | FE18: 286709 | FF18: 284519 | FG18: 280295 | FH18: 275720 | FI18: 269111 | FJ18: 260434 | FK18: 251371 | FL18: 241837 | FM18: 231770 | FN18: 223281 | FO18: 214104 | FP18: 205413 | FQ18: 195693 | FR18: 186336 | FS18: 176613 | FT18: 167365 | FU18: 158729 | FV18: 150274 | FW18: 141389 | FX18: 132702 | FY18: 123532 | FZ18: 114952 | GA18: 106545 | GB18: 98945 | GC18: 92376 | GD18: 87145 | GE18: 82259 | GF18: 76964 | GG18: 71246 | GH18: 65338 | GI18: 59431 | GJ18: 53652 | GK18: 47999 | GL18: 42382 | GM18: 37147 | GN18: 32496 | GO18: 28060 | GP18: 23980 | GQ18: 20142 | GR18: 16642 | GS18: 13251 | GT18: 10289 | GU18: 7936 | GV18: 6063 | GW18: 4662 | GX18: 3548 | GY18: 2662 | GZ18: 4729 | HA18: 752375 | HB18: 757148 | HC18: 769290 | HD18: 779180 | HE18: 787695 | HF18: 796454 | HG18: 804961 | HH18: 813734 | HI18: 822748 | HJ18: 832021 | HK18: 841653 | HL18: 851746 | HM18: 862503 | HN18: 873994 | HO18: 874919 | HP18: 874913 | HQ18: 874284 | HR18: 874664 | HS18: 876463 | HT18: 880806 | HU18: 878858 | HV18: 876499 | HW18: 874099 | HX18: 868981 | HY18: 866027 | HZ18: 863394 | IA18: 855149 | IB18: 839558 | IC18: 820067 | ID18: 799657 | IE18: 779539 | IF18: 759477 | IG18: 740928 | IH18: 727110 | II18: 715899 | IJ18: 706673 | IK18: 702323 | IL18: 697733 | IM18: 689975 | IN18: 680900 | IO18: 667692 | IP18: 648443 | IQ18: 628203 | IR18: 608413 | IS18: 588825 | IT18: 574968 | IU18: 567513 | IV18: 562548 | IW18: 559357 | IX18: 558832 | IY18: 558297 | IZ18: 554486 | JA18: 549862 | JB18: 544792 | JC18: 538099 | JD18: 529785 | JE18: 519741 | JF18: 506347 | JG18: 489236 | JH18: 470551 | JI18: 450400 | JJ18: 430957 | JK18: 413061 | JL18: 395590 | JM18: 377950 | JN18: 360665 | JO18: 343271 | JP18: 325506 | JQ18: 308288 | JR18: 291907 | JS18: 275470 | JT18: 259044 | JU18: 242667 | JV18: 225566 | JW18: 208758 | JX18: 193029 | JY18: 178799 | JZ18: 166764 | KA18: 156562 | KB18: 146739 | KC18: 136306 | KD18: 125418 | KE18: 114105 | KF18: 102494 | KG18: 91365 | KH18: 81191 | KI18: 71474 | KJ18: 62529 | KK18: 54188 | KL18: 46459 | KM18: 39318 | KN18: 32871 | KO18: 26914 | KP18: 21285 | KQ18: 16499 | KR18: 12634 | KS18: 9607 | KT18: 7318 | KU18: 5510 | KV18: 4114 | KW18: 7811
A19: Total Nacional | B19: 2021 | C19: Cabecera | D19: 38710371 | E19: 18578115 | F19: 20132256 | G19: 269870 | H19: 275471 | I19: 277232 | J19: 282101 | K19: 284504 | L19: 286843 | M19: 289878 | N19: 292476 | O19: 295534 | P19: 298446 | Q19: 301810 | R19: 305124 | S19: 308518 | T19: 312471 | U19: 317071 | V19: 319209 | W19: 320685 | X19: 321821 | Y19: 323769 | Z19: 326714 | AA19: 331703 | AB19: 332837 | AC19: 334528 | AD19: 336443 | AE19: 338909 | AF19: 340570 | AG19: 341164 | AH19: 338615 | AI19: 332134 | AJ19: 323894 | AK19: 315258 | AL19: 306267 | AM19: 297444 | AN19: 287745 | AO19: 280706 | AP19: 274428 | AQ19: 269526 | AR19: 265964 | AS19: 262122 | AT19: 257301 | AU19: 252767 | AV19: 245998 | AW19: 238051 | AX19: 228517 | AY19: 220659 | AZ19: 211847 | BA19: 206404 | BB19: 203337 | BC19: 201413 | BD19: 200126 | BE19: 199721 | BF19: 199016 | BG19: 198089 | BH19: 195400 | BI19: 193842 | BJ19: 190476 | BK19: 187223 | BL19: 182773 | BM19: 177194 | BN19: 170319 | BO19: 162479 | BP19: 153969 | BQ19: 146377 | BR19: 138807 | BS19: 132043 | BT19: 124849 | BU19: 118768 | BV19: 112319 | BW19: 105869 | BX19: 99541 | BY19: 93511 | BZ19: 87397 | CA19: 81594 | CB19: 75776 | CC19: 69910 | CD19: 63940 | CE19: 58620 | CF19: 53845 | CG19: 49805 | CH19: 46185 | CI19: 42648 | CJ19: 39015 | CK19: 35373 | CL19: 31655 | CM19: 27843 | CN19: 24315 | CO19: 21301 | CP19: 18545 | CQ19: 16024 | CR19: 13578 | CS19: 11409 | CT19: 9403 | CU19: 7697 | CV19: 6114 | CW19: 4715 | CX19: 3580 | CY19: 2661 | CZ19: 1968 | DA19: 1444 | DB19: 1043 | DC19: 1903 | DD19: 257417 | DE19: 262594 | DF19: 264176 | DG19: 268453 | DH19: 271853 | DI19: 273898 | DJ19: 276609 | DK19: 279875 | DL19: 283461 | DM19: 286991 | DN19: 290098 | DO19: 293484 | DP19: 297312 | DQ19: 301945 | DR19: 307161 | DS19: 309723 | DT19: 312099 | DU19: 315399 | DV19: 319815 | DW19: 325271 | DX19: 332060 | DY19: 338505 | DZ19: 343845 | EA19: 348058 | EB19: 348407 | EC19: 348557 | ED19: 348324 | EE19: 345669 | EF19: 340427 | EG19: 333161 | EH19: 324974 | EI19: 317070 | EJ19: 308844 | EK19: 302564 | EL19: 297253 | EM19: 293331 | EN19: 289673 | EO19: 288539 | EP19: 287473 | EQ19: 284922 | ER19: 281038 | ES19: 276141 | ET19: 267773 | EU19: 260512 | EV19: 252023 | EW19: 245031 | EX19: 239463 | EY19: 236693 | EZ19: 234921 | FA19: 234064 | FB19: 234528 | FC19: 235319 | FD19: 233708 | FE19: 233294 | FF19: 231343 | FG19: 229790 | FH19: 226476 | FI19: 222768 | FJ19: 217331 | FK19: 210111 | FL19: 202548 | FM19: 194544 | FN19: 186167 | FO19: 179037 | FP19: 171351 | FQ19: 164021 | FR19: 155794 | FS19: 147859 | FT19: 139637 | FU19: 131768 | FV19: 124427 | FW19: 117261 | FX19: 109896 | FY19: 102767 | FZ19: 95294 | GA19: 88270 | GB19: 81451 | GC19: 75305 | GD19: 69992 | GE19: 65600 | GF19: 61528 | GG19: 57210 | GH19: 52643 | GI19: 47982 | GJ19: 43332 | GK19: 38839 | GL19: 34458 | GM19: 30182 | GN19: 26245 | GO19: 22728 | GP19: 19389 | GQ19: 16360 | GR19: 13555 | GS19: 11035 | GT19: 8642 | GU19: 6589 | GV19: 4978 | GW19: 3716 | GX19: 2786 | GY19: 2062 | GZ19: 3391 | HA19: 527287 | HB19: 538065 | HC19: 541408 | HD19: 550554 | HE19: 556357 | HF19: 560741 | HG19: 566487 | HH19: 572351 | HI19: 578995 | HJ19: 585437 | HK19: 591908 | HL19: 598608 | HM19: 605830 | HN19: 614416 | HO19: 624232 | HP19: 628932 | HQ19: 632784 | HR19: 637220 | HS19: 643584 | HT19: 651985 | HU19: 663763 | HV19: 671342 | HW19: 678373 | HX19: 684501 | HY19: 687316 | HZ19: 689127 | IA19: 689488 | IB19: 684284 | IC19: 672561 | ID19: 657055 | IE19: 640232 | IF19: 623337 | IG19: 606288 | IH19: 590309 | II19: 577959 | IJ19: 567759 | IK19: 559199 | IL19: 554503 | IM19: 549595 | IN19: 542223 | IO19: 533805 | IP19: 522139 | IQ19: 505824 | IR19: 489029 | IS19: 472682 | IT19: 456878 | IU19: 445867 | IV19: 440030 | IW19: 436334 | IX19: 434190 | IY19: 434249 | IZ19: 434335 | JA19: 431797 | JB19: 428694 | JC19: 425185 | JD19: 420266 | JE19: 413699 | JF19: 405541 | JG19: 394525 | JH19: 380430 | JI19: 365027 | JJ19: 348513 | JK19: 332544 | JL19: 317844 | JM19: 303394 | JN19: 288870 | JO19: 274562 | JP19: 260178 | JQ19: 245506 | JR19: 231309 | JS19: 217938 | JT19: 204658 | JU19: 191490 | JV19: 178543 | JW19: 165204 | JX19: 152210 | JY19: 140071 | JZ19: 129150 | KA19: 119797 | KB19: 111785 | KC19: 104176 | KD19: 96225 | KE19: 88016 | KF19: 79637 | KG19: 71175 | KH19: 63154 | KI19: 55759 | KJ19: 48727 | KK19: 42269 | KL19: 36306 | KM19: 30798 | KN19: 25763 | KO19: 21252 | KP19: 17149 | KQ19: 13357 | KR19: 10169 | KS19: 7639 | KT19: 5684 | KU19: 4230 | KV19: 3105 | KW19: 5294
A20: Total Nacional | B20: 2021 | C20: Centros Poblados y Rural Disperso | D20: 12405266 | E20: 6459148 | F20: 5946118 | G20: 112807 | H20: 114187 | I20: 114866 | J20: 116426 | K20: 117878 | L20: 119939 | M20: 121445 | N20: 122610 | O20: 123580 | P20: 124836 | Q20: 126464 | R20: 128227 | S20: 129904 | T20: 131140 | U20: 132194 | V20: 130630 | W20: 129275 | X20: 127252 | Y20: 124759 | Z20: 121998 | AA20: 118896 | AB20: 114168 | AC20: 109133 | AD20: 104221 | AE20: 99955 | AF20: 97211 | AG20: 95245 | AH20: 93101 | AI20: 90461 | AJ20: 87949 | AK20: 85775 | AL20: 83796 | AM20: 82026 | AN20: 80112 | AO20: 79119 | AP20: 78232 | AQ20: 77874 | AR20: 77937 | AS20: 77948 | AT20: 77700 | AU20: 77477 | AV20: 76817 | AW20: 75676 | AX20: 73759 | AY20: 72197 | AZ20: 69995 | BA20: 68690 | BB20: 67865 | BC20: 67188 | BD20: 66550 | BE20: 66083 | BF20: 65594 | BG20: 65007 | BH20: 63867 | BI20: 63001 | BJ20: 61663 | BK20: 60610 | BL20: 59393 | BM20: 57975 | BN20: 56232 | BO20: 54283 | BP20: 52013 | BQ20: 50065 | BR20: 48066 | BS20: 46352 | BT20: 44440 | BU20: 42759 | BV20: 40997 | BW20: 39238 | BX20: 37432 | BY20: 35561 | BZ20: 33557 | CA20: 31677 | CB20: 29701 | CC20: 27558 | CD20: 25278 | CE20: 23229 | CF20: 21341 | CG20: 19830 | CH20: 18389 | CI20: 16932 | CJ20: 15411 | CK20: 13925 | CL20: 12344 | CM20: 10652 | CN20: 9066 | CO20: 7767 | CP20: 6640 | CQ20: 5678 | CR20: 4729 | CS20: 3894 | CT20: 3158 | CU20: 2560 | CV20: 2022 | CW20: 1542 | CX20: 1164 | CY20: 866 | CZ20: 644 | DA20: 478 | DB20: 351 | DC20: 644 | DD20: 106733 | DE20: 107983 | DF20: 108607 | DG20: 109691 | DH20: 111932 | DI20: 113605 | DJ20: 114739 | DK20: 115857 | DL20: 116665 | DM20: 117642 | DN20: 118505 | DO20: 119382 | DP20: 120283 | DQ20: 120998 | DR20: 121463 | DS20: 119321 | DT20: 117228 | DU20: 114985 | DV20: 112584 | DW20: 109948 | DX20: 106683 | DY20: 102760 | DZ20: 98993 | EA20: 95645 | EB20: 92017 | EC20: 89804 | ED20: 88426 | EE20: 87089 | EF20: 85368 | EG20: 83376 | EH20: 81428 | EI20: 79658 | EJ20: 77887 | EK20: 76722 | EL20: 75738 | EM20: 75128 | EN20: 74356 | EO20: 74172 | EP20: 74032 | EQ20: 73469 | ER20: 72635 | ES20: 71377 | ET20: 69230 | EU20: 67380 | EV20: 65191 | EW20: 63304 | EX20: 61468 | EY20: 60342 | EZ20: 59428 | FA20: 58684 | FB20: 58210 | FC20: 57718 | FD20: 56674 | FE20: 55936 | FF20: 54871 | FG20: 54063 | FH20: 52991 | FI20: 51950 | FJ20: 50621 | FK20: 49012 | FL20: 47358 | FM20: 45674 | FN20: 43840 | FO20: 42305 | FP20: 40655 | FQ20: 39123 | FR20: 37471 | FS20: 35870 | FT20: 34215 | FU20: 32664 | FV20: 31194 | FW20: 29723 | FX20: 28043 | FY20: 26326 | FZ20: 24495 | GA20: 22812 | GB20: 21102 | GC20: 19518 | GD20: 18110 | GE20: 17060 | GF20: 16032 | GG20: 14875 | GH20: 13601 | GI20: 12282 | GJ20: 11003 | GK20: 9810 | GL20: 8623 | GM20: 7438 | GN20: 6332 | GO20: 5400 | GP20: 4551 | GQ20: 3789 | GR20: 3092 | GS20: 2478 | GT20: 1913 | GU20: 1453 | GV20: 1103 | GW20: 840 | GX20: 647 | GY20: 491 | GZ20: 820 | HA20: 219540 | HB20: 222170 | HC20: 223473 | HD20: 226117 | HE20: 229810 | HF20: 233544 | HG20: 236184 | HH20: 238467 | HI20: 240245 | HJ20: 242478 | HK20: 244969 | HL20: 247609 | HM20: 250187 | HN20: 252138 | HO20: 253657 | HP20: 249951 | HQ20: 246503 | HR20: 242237 | HS20: 237343 | HT20: 231946 | HU20: 225579 | HV20: 216928 | HW20: 208126 | HX20: 199866 | HY20: 191972 | HZ20: 187015 | IA20: 183671 | IB20: 180190 | IC20: 175829 | ID20: 171325 | IE20: 167203 | IF20: 163454 | IG20: 159913 | IH20: 156834 | II20: 154857 | IJ20: 153360 | IK20: 152230 | IL20: 152109 | IM20: 151980 | IN20: 151169 | IO20: 150112 | IP20: 148194 | IQ20: 144906 | IR20: 141139 | IS20: 137388 | IT20: 133299 | IU20: 130158 | IV20: 128207 | IW20: 126616 | IX20: 125234 | IY20: 124293 | IZ20: 123312 | JA20: 121681 | JB20: 119803 | JC20: 117872 | JD20: 115726 | JE20: 113601 | JF20: 111343 | JG20: 108596 | JH20: 105244 | JI20: 101641 | JJ20: 97687 | JK20: 93905 | JL20: 90371 | JM20: 87007 | JN20: 83563 | JO20: 80230 | JP20: 76867 | JQ20: 73453 | JR20: 70096 | JS20: 66755 | JT20: 63280 | JU20: 59720 | JV20: 56027 | JW20: 52053 | JX20: 48090 | JY20: 44331 | JZ20: 40859 | KA20: 37940 | KB20: 35449 | KC20: 32964 | KD20: 30286 | KE20: 27526 | KF20: 24626 | KG20: 21655 | KH20: 18876 | KI20: 16390 | KJ20: 14078 | KK20: 12010 | KL20: 10129 | KM20: 8445 | KN20: 6947 | KO20: 5652 | KP20: 4500 | KQ20: 3455 | KR20: 2617 | KS20: 1969 | KT20: 1484 | KU20: 1125 | KV20: 842 | KW20: 1464
A21: Total Nacional | B21: 2021 | C21: Total | D21: 51115637 | E21: 25037263 | F21: 26078374 | G21: 382677 | H21: 389658 | I21: 392098 | J21: 398527 | K21: 402382 | L21: 406782 | M21: 411323 | N21: 415086 | O21: 419114 | P21: 423282 | Q21: 428274 | R21: 433351 | S21: 438422 | T21: 443611 | U21: 449265 | V21: 449839 | W21: 449960 | X21: 449073 | Y21: 448528 | Z21: 448712 | AA21: 450599 | AB21: 447005 | AC21: 443661 | AD21: 440664 | AE21: 438864 | AF21: 437781 | AG21: 436409 | AH21: 431716 | AI21: 422595 | AJ21: 411843 | AK21: 401033 | AL21: 390063 | AM21: 379470 | AN21: 367857 | AO21: 359825 | AP21: 352660 | AQ21: 347400 | AR21: 343901 | AS21: 340070 | AT21: 335001 | AU21: 330244 | AV21: 322815 | AW21: 313727 | AX21: 302276 | AY21: 292856 | AZ21: 281842 | BA21: 275094 | BB21: 271202 | BC21: 268601 | BD21: 266676 | BE21: 265804 | BF21: 264610 | BG21: 263096 | BH21: 259267 | BI21: 256843 | BJ21: 252139 | BK21: 247833 | BL21: 242166 | BM21: 235169 | BN21: 226551 | BO21: 216762 | BP21: 205982 | BQ21: 196442 | BR21: 186873 | BS21: 178395 | BT21: 169289 | BU21: 161527 | BV21: 153316 | BW21: 145107 | BX21: 136973 | BY21: 129072 | BZ21: 120954 | CA21: 113271 | CB21: 105477 | CC21: 97468 | CD21: 89218 | CE21: 81849 | CF21: 75186 | CG21: 69635 | CH21: 64574 | CI21: 59580 | CJ21: 54426 | CK21: 49298 | CL21: 43999 | CM21: 38495 | CN21: 33381 | CO21: 29068 | CP21: 25185 | CQ21: 21702 | CR21: 18307 | CS21: 15303 | CT21: 12561 | CU21: 10257 | CV21: 8136 | CW21: 6257 | CX21: 4744 | CY21: 3527 | CZ21: 2612 | DA21: 1922 | DB21: 1394 | DC21: 2547 | DD21: 364150 | DE21: 370577 | DF21: 372783 | DG21: 378144 | DH21: 383785 | DI21: 387503 | DJ21: 391348 | DK21: 395732 | DL21: 400126 | DM21: 404633 | DN21: 408603 | DO21: 412866 | DP21: 417595 | DQ21: 422943 | DR21: 428624 | DS21: 429044 | DT21: 429327 | DU21: 430384 | DV21: 432399 | DW21: 435219 | DX21: 438743 | DY21: 441265 | DZ21: 442838 | EA21: 443703 | EB21: 440424 | EC21: 438361 | ED21: 436750 | EE21: 432758 | EF21: 425795 | EG21: 416537 | EH21: 406402 | EI21: 396728 | EJ21: 386731 | EK21: 379286 | EL21: 372991 | EM21: 368459 | EN21: 364029 | EO21: 362711 | EP21: 361505 | EQ21: 358391 | ER21: 353673 | ES21: 347518 | ET21: 337003 | EU21: 327892 | EV21: 317214 | EW21: 308335 | EX21: 300931 | EY21: 297035 | EZ21: 294349 | FA21: 292748 | FB21: 292738 | FC21: 293037 | FD21: 290382 | FE21: 289230 | FF21: 286214 | FG21: 283853 | FH21: 279467 | FI21: 274718 | FJ21: 267952 | FK21: 259123 | FL21: 249906 | FM21: 240218 | FN21: 230007 | FO21: 221342 | FP21: 212006 | FQ21: 203144 | FR21: 193265 | FS21: 183729 | FT21: 173852 | FU21: 164432 | FV21: 155621 | FW21: 146984 | FX21: 137939 | FY21: 129093 | FZ21: 119789 | GA21: 111082 | GB21: 102553 | GC21: 94823 | GD21: 88102 | GE21: 82660 | GF21: 77560 | GG21: 72085 | GH21: 66244 | GI21: 60264 | GJ21: 54335 | GK21: 48649 | GL21: 43081 | GM21: 37620 | GN21: 32577 | GO21: 28128 | GP21: 23940 | GQ21: 20149 | GR21: 16647 | GS21: 13513 | GT21: 10555 | GU21: 8042 | GV21: 6081 | GW21: 4556 | GX21: 3433 | GY21: 2553 | GZ21: 4211 | HA21: 746827 | HB21: 760235 | HC21: 764881 | HD21: 776671 | HE21: 786167 | HF21: 794285 | HG21: 802671 | HH21: 810818 | HI21: 819240 | HJ21: 827915 | HK21: 836877 | HL21: 846217 | HM21: 856017 | HN21: 866554 | HO21: 877889 | HP21: 878883 | HQ21: 879287 | HR21: 879457 | HS21: 880927 | HT21: 883931 | HU21: 889342 | HV21: 888270 | HW21: 886499 | HX21: 884367 | HY21: 879288 | HZ21: 876142 | IA21: 873159 | IB21: 864474 | IC21: 848390 | ID21: 828380 | IE21: 807435 | IF21: 786791 | IG21: 766201 | IH21: 747143 | II21: 732816 | IJ21: 721119 | IK21: 711429 | IL21: 706612 | IM21: 701575 | IN21: 693392 | IO21: 683917 | IP21: 670333 | IQ21: 650730 | IR21: 630168 | IS21: 610070 | IT21: 590177 | IU21: 576025 | IV21: 568237 | IW21: 562950 | IX21: 559424 | IY21: 558542 | IZ21: 557647 | JA21: 553478 | JB21: 548497 | JC21: 543057 | JD21: 535992 | JE21: 527300 | JF21: 516884 | JG21: 503121 | JH21: 485674 | JI21: 466668 | JJ21: 446200 | JK21: 426449 | JL21: 408215 | JM21: 390401 | JN21: 372433 | JO21: 354792 | JP21: 337045 | JQ21: 318959 | JR21: 301405 | JS21: 284693 | JT21: 267938 | JU21: 251210 | JV21: 234570 | JW21: 217257 | JX21: 200300 | JY21: 184402 | JZ21: 170009 | KA21: 157737 | KB21: 147234 | KC21: 137140 | KD21: 126511 | KE21: 115542 | KF21: 104263 | KG21: 92830 | KH21: 82030 | KI21: 72149 | KJ21: 62805 | KK21: 54279 | KL21: 46435 | KM21: 39243 | KN21: 32710 | KO21: 26904 | KP21: 21649 | KQ21: 16812 | KR21: 12786 | KS21: 9608 | KT21: 7168 | KU21: 5355 | KV21: 3947 | KW21: 6758
... A128: Total Nacional | B128: 2070 | C128: Total | D128: 50592097 | E128: 25042622 | F128: 25549475 | G128: 154756 | H128: 157753 | I128: 160841 | J128: 163995 | K128: 167226 | L128: 170517 | M128: 173875 | N128: 177297 | O128: 180772 | P128: 184306 | Q128: 187898 | R128: 191532 | S128: 195220 | T128: 198950 | U128: 202717 | V128: 206523 | W128: 210361 | X128: 214224 | Y128: 218114 | Z128: 222023 | AA128: 225967 | AB128: 229943 | AC128: 233964 | AD128: 238034 | AE128: 242154 | AF128: 246345 | AG128: 250610 | AH128: 254962 | AI128: 259427 | AJ128: 264014 | AK128: 268735 | AL128: 273617 | AM128: 278646 | AN128: 283824 | AO128: 289140 | AP128: 294572 | AQ128: 300095 | AR128: 305677 | AS128: 311276 | AT128: 316861 | AU128: 322378 | AV128: 327784 | AW128: 333022 | AX128: 338058 | AY128: 342831 | AZ128: 347586 | BA128: 351647 | BB128: 354937 | BC128: 357963 | BD128: 361316 | BE128: 365650 | BF128: 366424 | BG128: 370393 | BH128: 372183 | BI128: 374159 | BJ128: 375987 | BK128: 377003 | BL128: 377999 | BM128: 378984 | BN128: 380377 | BO128: 381639 | BP128: 382728 | BQ128: 383734 | BR128: 384465 | BS128: 381138 | BT128: 377220 | BU128: 372375 | BV128: 367548 | BW128: 363190 | BX128: 359061 | BY128: 350781 | BZ128: 342295 | CA128: 333671 | CB128: 325216 | CC128: 316494 | CD128: 306688 | CE128: 293944 | CF128: 277952 | CG128: 260772 | CH128: 243416 | CI128: 225914 | CJ128: 208566 | CK128: 190956 | CL128: 175180 | CM128: 159966 | CN128: 145706 | CO128: 132259 | CP128: 118855 | CQ128: 105425 | CR128: 92567 | CS128: 79657 | CT128: 67344 | CU128: 55765 | CV128: 45760 | CW128: 36777 | CX128: 29479 | CY128: 23426 | CZ128: 18326 | DA128: 14071 | DB128: 10604 | DC128: 18248 | DD128: 147185 | DE128: 149995 | DF128: 152888 | DG128: 155854 | DH128: 158891 | DI128: 161989 | DJ128: 165153 | DK128: 168375 | DL128: 171655 | DM128: 174981 | DN128: 178366 | DO128: 181796 | DP128: 185271 | DQ128: 188794 | DR128: 192368 | DS128: 195986 | DT128: 199655 | DU128: 203366 | DV128: 207124 | DW128: 210922 | DX128: 214755 | DY128: 218630 | DZ128: 222551 | EA128: 226527 | EB128: 230561 | EC128: 234681 | ED128: 238876 | EE128: 243181 | EF128: 247598 | EG128: 252154 | EH128: 256852 | EI128: 261707 | EJ128: 266725 | EK128: 271897 | EL128: 277208 | EM128: 282650 | EN128: 288197 | EO128: 293815 | EP128: 299462 | EQ128: 305122 | ER128: 310733 | ES128: 316259 | ET128: 321639 | EU128: 326845 | EV128: 331824 | EW128: 336801 | EX128: 341139 | EY128: 344791 | EZ128: 348236 | FA128: 352012 | FB128: 356644 | FC128: 357935 | FD128: 361997 | FE128: 366039 | FF128: 368417 | FG128: 370788 | FH128: 373442 | FI128: 375985 | FJ128: 378424 | FK128: 380329 | FL128: 382387 | FM128: 384801 | FN128: 387727 | FO128: 390222 | FP128: 388466 | FQ128: 386491 | FR128: 384908 | FS128: 383759 | FT128: 383046 | FU128: 382273 | FV128: 379998 | FW128: 376370 | FX128: 371240 | FY128: 362520 | FZ128: 354080 | GA128: 345146 | GB128: 333640 | GC128: 319388 | GD128: 303059 | GE128: 285826 | GF128: 268544 | GG128: 250903 | GH128: 234524 | GI128: 218542 | GJ128: 203178 | GK128: 187753 | GL128: 173506 | GM128: 159004 | GN128: 143644 | GO128: 127875 | GP128: 112078 | GQ128: 95877 | GR128: 81208 | GS128: 67450 | GT128: 55426 | GU128: 44998 | GV128: 36207 | GW128: 28643 | GX128: 22238 | GY128: 16952 | GZ128: 31536 | HA128: 301941 | HB128: 307748 | HC128: 313729 | HD128: 319849 | HE128: 326117 | HF128: 332506 | HG128: 339028 | HH128: 345672 | HI128: 352427 | HJ128: 359287 | HK128: 366264 | HL128: 373328 | HM128: 380491 | HN128: 387744 | HO128: 395085 | HP128: 402509 | HQ128: 410016 | HR128: 417590 | HS128: 425238 | HT128: 432945 | HU128: 440722 | HV128: 448573 | HW128: 456515 | HX128: 464561 | HY128: 472715 | HZ128: 481026 | IA128: 489486 | IB128: 498143 | IC128: 507025 | ID128: 516168 | IE128: 525587 | IF128: 535324 | IG128: 545371 | IH128: 555721 | II128: 566348 | IJ128: 577222 | IK128: 588292 | IL128: 599492 | IM128: 610738 | IN128: 621983 | IO128: 633111 | IP128: 644043 | IQ128: 654661 | IR128: 664903 | IS128: 674655 | IT128: 684387 | IU128: 692786 | IV128: 699728 | IW128: 706199 | IX128: 713328 | IY128: 722294 | IZ128: 724359 | JA128: 732390 | JB128: 738222 | JC128: 742576 | JD128: 746775 | JE128: 750445 | JF128: 753984 | JG128: 757408 | JH128: 760706 | JI128: 764026 | JJ128: 767529 | JK128: 771461 | JL128: 774687 | JM128: 769604 | JN128: 763711 | JO128: 757283 | JP128: 751307 | JQ128: 746236 | JR128: 741334 | JS128: 730779 | JT128: 718665 | JU128: 704911 | JV128: 687736 | JW128: 670574 | JX128: 651834 | JY128: 627584 | JZ128: 597340 | KA128: 563831 | KB128: 529242 | KC128: 494458 | KD128: 459469 | KE128: 425480 | KF128: 393722 | KG128: 363144 | KH128: 333459 | KI128: 305765 | KJ128: 277859 | KK128: 249069 | KL128: 220442 | KM128: 191735 | KN128: 163221 | KO128: 136973 | KP128: 113210 | KQ128: 92203 | KR128: 74477 | KS128: 59633 | KT128: 46969 | KU128: 36309 | KV128: 27556 | KW128: 49784
A133: Fuente: DANE, Proyecciones de población - Dirección técnica de Censos y Demografía (DCD)
A134: Nota: Desde el 1 de diciembre de 2019 comenzó a regir la Ordenanza 248 de 2019 de la Asamblea Departamental de Guainía que crea el municipio de Barrancominas, conformado por las áreas no municipalizadas de Barrancominas y Mapiripana.
A135: Nota: A partir del decreto 0284 del 26 de diciembre de 2023 y de la Ordenanza No. 180 del 27 de junio de 2023, por la cual se crea el municipio de Nuevo Belén de Bajirá, segregado del municipio de Riosucio, el Departamento Administrativo Nacional de Estadística -DANE- ha incorporado el nuevo municipio a la DIVIPOLA; una vez el Instituto Geográfico Agustín Codazzi – IGAC culmine el proceso de deslinde respectivo y elabore la cartografía oficial con esta nueva entidad territorial, el DANE procederá con la actualización del Marco Geoestadístico Nacional y las actualizaciones cartográficas a que haya lugar, con el propósito de ajustar la certificación de población indígena en los resguardos del municipio en mención.
A136: Actualizado el 18 de Julio de 2025

Sheet PobNacionalxSexoEdad 
A3: PROYECCIONES DE POBLACIÓN Y ESTUDIOS DEMOGRÁFICOS (PPED)
A5: NACIONAL. PROYECCIONES DE POBLACIÓN POR ÁREA GEOGRÁFICA SEGÚN SEXO Y EDADES SIMPLES, PERIODO 2018-2070
A7: PROYECCIONES DE POBLACIÓN POR ÁREA, SEGÚN SEXO Y EDAD SIMPLE. AÑOS 2018 A 2070
A8: TERRITORIO | B8: AÑO | C8: ÁREA GEOGRÁFICA | D8: TOTAL | G8: HOMBRES | DD8: MUJERES | HA8: TOTAL (AMBOS SEXOS)
D9: Total | E9: Hombres | F9: Mujeres | G9: Hombres 0 años | H9: Hombres 1 año | I9: Hombres 2 años | J9: Hombres 3 años | K9: Hombres 4 años | L9: Hombres 5 años | M9: Hombres 6 años | N9: Hombres 7 años | O9: Hombres 8 años | P9: Hombres 9 años | Q9: Hombres 10 años | R9: Hombres 11 años | S9: Hombres 12 años | T9: Hombres 13 años | U9: Hombres 14 años | V9: Hombres 15 años | W9: Hombres 16 años | X9: Hombres 17 años | Y9: Hombres 18 años | Z9: Hombres 19 años | AA9: Hombres 20 años | AB9: Hombres 21 años | AC9: Hombres 22 años | AD9: Hombres 23 años | AE9: Hombres 24 años | AF9: Hombres 25 años | AG9: Hombres 26 años | AH9: Hombres 27 años | AI9: Hombres 28 años | AJ9: Hombres 29 años | AK9: Hombres 30 años | AL9: Hombres 31 años | AM9: Hombres 32 años | AN9: Hombres 33 años | AO9: Hombres 34 años | AP9: Hombres 35 años | AQ9: Hombres 36 años | AR9: Hombres 37 años | AS9: Hombres 38 años | AT9: Hombres 39 años | AU9: Hombres 40 años | AV9: Hombres 41 años | AW9: Hombres 42 años | AX9: Hombres 43 años | AY9: Hombres 44 años | AZ9: Hombres 45 años | BA9: Hombres 46 años | BB9: Hombres 47 años | BC9: Hombres 48 años | BD9: Hombres 49 años | BE9: Hombres 50 años | BF9: Hombres 51 años | BG9: Hombres 52 años | BH9: Hombres 53 años | BI9: Hombres 54 años | BJ9: Hombres 55 años | BK9: Hombres 56 años | BL9: Hombres 57 años | BM9: Hombres 58 años | BN9: Hombres 59 años | BO9: Hombres 60 años | BP9: Hombres 61 años | BQ9: Hombres 62 años | BR9: Hombres 63 años | BS9: Hombres 64 años | BT9: Hombres 65 años | BU9: Hombres 66 años | BV9: Hombres 67 años | BW9: Hombres 68 años | BX9: Hombres 69 años | BY9: Hombres 70 años | BZ9: Hombres 71 años | CA9: Hombres 72 años | CB9: Hombres 73 años | CC9: Hombres 74 años | CD9: Hombres 75 años | CE9: Hombres 76 años | CF9: Hombres 77 años | CG9: Hombres 78 años | CH9: Hombres 79 años | CI9: Hombres 80 años | CJ9: Hombres 81 años | CK9: Hombres 82 años | CL9: Hombres 83 años | CM9: Hombres 84 años | CN9: Hombres 85 años | CO9: Hombres 86 años | CP9: Hombres 87 años | CQ9: Hombres 88 años | CR9: Hombres 89 años | CS9: Hombres 90 años | CT9: Hombres 91 años | CU9: Hombres 92 años | CV9: Hombres 93 años | CW9: Hombres 94 años | CX9: Hombres 95 años | CY9: Hombres 96 años | CZ9: Hombres 97 años | DA9: Hombres 98 años | DB9: Hombres 99 años | DC9: Hombres 100 años y más | DD9: Mujeres 0 años | DE9: Mujeres 1 año | DF9: Mujeres 2 años | DG9: Mujeres 3 años | DH9: Mujeres 4 años | DI9: Mujeres 5 años | DJ9: Mujeres 6 años | DK9: Mujeres 7 años | DL9: Mujeres 8 años | DM9: Mujeres 9 años | DN9: Mujeres 10 años | DO9: Mujeres 11 años | DP9: Mujeres 12 años | DQ9: Mujeres 13 años | DR9: Mujeres 14 años | DS9: Mujeres 15 años | DT9: Mujeres 16 años | DU9: Mujeres 17 años | DV9: Mujeres 18 años | DW9: Mujeres 19 años | DX9: Mujeres 20 años | DY9: Mujeres 21 años | DZ9: Mujeres 22 años | EA9: Mujeres 23 años | EB9: Mujeres 24 años | EC9: Mujeres 25 años | ED9: Mujeres 26 años | EE9: Mujeres 27 años | EF9: Mujeres 28 años | EG9: Mujeres 29 años | EH9: Mujeres 30 años | EI9: Mujeres 31 años | EJ9: Mujeres 32 años | EK9: Mujeres 33 años | EL9: Mujeres 34 años | EM9: Mujeres 35 años | EN9: Mujeres 36 años | EO9: Mujeres 37 años | EP9: Mujeres 38 años | EQ9: Mujeres 39 años | ER9: Mujeres 40 años | ES9: Mujeres 41 años | ET9: Mujeres 42 años | EU9: Mujeres 43 años | EV9: Mujeres 44 años | EW9: Mujeres 45 años | EX9: Mujeres 46 años | EY9: Mujeres 47 años | EZ9: Mujeres 48 años | FA9: Mujeres 49 años | FB9: Mujeres 50 años | FC9: Mujeres 51 años | FD9: Mujeres 52 años | FE9: Mujeres 53 años | FF9: Mujeres 54 años | FG9: Mujeres 55 años | FH9: Mujeres 56 años | FI9: Mujeres 57 años | FJ9: Mujeres 58 años | FK9: Mujeres 59 años | FL9: Mujeres 60 años | FM9: Mujeres 61 años | FN9: Mujeres 62 años | FO9: Mujeres 63 años | FP9: Mujeres 64 años | FQ9: Mujeres 65 años | FR9: Mujeres 66 años | FS9: Mujeres 67 años | FT9: Mujeres 68 años | FU9: Mujeres 69 años | FV9: Mujeres 70 años | FW9: Mujeres 71 años | FX9: Mujeres 72 años | FY9: Mujeres 73 años | FZ9: Mujeres 74 años | GA9: Mujeres 75 años | GB9: Mujeres 76 años | GC9: Mujeres 77 años | GD9: Mujeres 78 años | GE9: Mujeres 79 años | GF9: Mujeres 80 años | GG9: Mujeres 81 años | GH9: Mujeres 82 años | GI9: Mujeres 83 años | GJ9: Mujeres 84 años | GK9: Mujeres 85 años | GL9: Mujeres 86 años | GM9: Mujeres 87 años | GN9: Mujeres 88 años | GO9: Mujeres 89 años | GP9: Mujeres 90 años | GQ9: Mujeres 91 años | GR9: Mujeres 92 años | GS9: Mujeres 93 años | GT9: Mujeres 94 años | GU9: Mujeres 95 años | GV9: Mujeres 96 años | GW9: Mujeres 97 años | GX9: Mujeres 98 años | GY9: Mujeres 99 años | GZ9: Mujeres 100 años y más | HA9: Total 0 años | HB9: Total 1 año | HC9: Total 2 años | HD9: Total 3 años | HE9: Total 4 años | HF9: Total 5 años | HG9: Total 6 años | HH9: Total 7 años | HI9: Total 8 años | HJ9: Total 9 años | HK9: Total 10 años | HL9: Total 11 años | HM9: Total 12 años | HN9: Total 13 años | HO9: Total 14 años | HP9: Total 15 años | HQ9: Total 16 años | HR9: Total 17 años | HS9: Total 18 años | HT9: Total 19 años | HU9: Total 20 años | HV9: Total 21 años | HW9: Total 22 años | HX9: Total 23 años | HY9: Total 24 años | HZ9: Total 25 años | IA9: Total 26 años | IB9: Total 27 años | IC9: Total 28 años | ID9: Total 29 años | IE9: Total 30 años | IF9: Total 31 años | IG9: Total 32 años | IH9: Total 33 años | II9: Total 34 años | IJ9: Total 35 años | IK9: Total 36 años | IL9: Total 37 años | IM9: Total 38 años | IN9: Total 39 años | IO9: Total 40 años | IP9: Total 41 años | IQ9: Total 42 años | IR9: Total 43 años | IS9: Total 44 años | IT9: Total 45 años | IU9: Total 46 años | IV9: Total 47 años | IW9: Total 48 años | IX9: Total 49 años | IY9: Total 50 años | IZ9: Total 51 años | JA9: Total 52 años | JB9: Total 53 años | JC9: Total 54 años | JD9: Total 55 años | JE9: Total 56 años | JF9: Total 57 años | JG9: Total 58 años | JH9: Total 59 años | JI9: Total 60 años | JJ9: Total 61 años | JK9: Total 62 años | JL9: Total 63 años | JM9: Total 64 años | JN9: Total 65 años | JO9: Total 66 años | JP9: Total 67 años | JQ9: Total 68 años | JR9: Total 69 años | JS9: Total 70 años | JT9: Total 71 años | JU9: Total 72 años | JV9: Total 73 años | JW9: Total 74 años | JX9: Total 75 años | JY9: Total 76 años | JZ9: Total 77 años | KA9: Total 78 años | KB9: Total 79 años | KC9: Total 80 años | KD9: Total 81 años | KE9: Total 82 años | KF9: Total 83 años | KG9: Total 84 años | KH9: Total 85 años | KI9: Total 86 años | KJ9: Total 87 años | KK9: Total 88 años | KL9: Total 89 años | KM9: Total 90 años | KN9: Total 91 años | KO9: Total 92 años | KP9: Total 93 años | KQ9: Total 94 años | KR9: Total 95 años | KS9: Total 96 años | KT9: Total 97 años | KU9: Total 98 años | KV9: Total 99 años | KW9: Total 100 años y más
A10: Total Nacional | B10: 2018 | C10: Total | D10: 48258494 | E10: 23614164 | F10: 24644330 | G10: 379611 | H10: 384392 | I10: 389812 | J10: 395361 | K10: 400077 | L10: 405013 | M10: 410040 | N10: 415839 | O10: 421676 | P10: 427467 | Q10: 433301 | R10: 439515 | S10: 440403 | T10: 440428 | U10: 438851 | V10: 436918 | W10: 435090 | X10: 434665 | Y10: 428650 | Z10: 423143 | AA10: 418454 | AB10: 415566 | AC10: 413985 | AD10: 412666 | AE10: 408429 | AF10: 400028 | AG10: 390200 | AH10: 380463 | AI10: 370656 | AJ10: 361288 | AK10: 350860 | AL10: 344052 | AM10: 338075 | AN10: 333980 | AO10: 331625 | AP10: 328894 | AQ10: 324855 | AR10: 321093 | AS10: 314589 | AT10: 306368 | AU10: 295689 | AV10: 287041 | AW10: 276711 | AX10: 270668 | AY10: 267492 | AZ10: 265604 | BA10: 264388 | BB10: 264242 | BC10: 263755 | BD10: 262960 | BE10: 259797 | BF10: 258085 | BG10: 254041 | BH10: 250429 | BI10: 245423 | BJ10: 239072 | BK10: 231045 | BL10: 221802 | BM10: 211520 | BN10: 202507 | BO10: 193446 | BP10: 185521 | BQ10: 176917 | BR10: 169729 | BS10: 162052 | BT10: 154357 | BU10: 146719 | BV10: 139304 | BW10: 131614 | BX10: 124364 | BY10: 116933 | BZ10: 109194 | CA10: 101088 | CB10: 93900 | CC10: 87427 | CD10: 82182 | CE10: 77454 | CF10: 72726 | CG10: 67704 | CH10: 62577 | CI10: 57078 | CJ10: 51129 | CK10: 45461 | CL10: 40677 | CM10: 36287 | CN10: 32267 | CO10: 28138 | CP10: 24379 | CQ10: 20787 | CR10: 17676 | CS10: 14618 | CT10: 11729 | CU10: 9288 | CV10: 7194 | CW10: 5546 | CX10: 4245 | CY10: 3178 | CZ10: 2364 | DA10: 1741 | DB10: 1339 | DC10: 5186 | DD10: 360423 | DE10: 366857 | DF10: 371459 | DG10: 376170 | DH10: 381397 | DI10: 386598 | DJ10: 391876 | DK10: 396570 | DL10: 401512 | DM10: 406877 | DN10: 412775 | DO10: 418905 | DP10: 419464 | DQ10: 419343 | DR10: 419171 | DS10: 418997 | DT10: 418896 | DU10: 419284 | DV10: 418971 | DW10: 418378 | DX10: 417918 | DY10: 414027 | DZ10: 412009 | EA10: 410970 | EB10: 407892 | EC10: 402058 | ED10: 394042 | EE10: 385207 | EF10: 376853 | EG10: 368139 | EH10: 361968 | EI10: 356889 | EJ10: 353543 | EK10: 350216 | EL10: 349979 | EM10: 349810 | EN10: 347671 | EO10: 343864 | EP10: 338579 | EQ10: 328833 | ER10: 320471 | ES10: 310466 | ET10: 302241 | EU10: 295448 | EV10: 292176 | EW10: 290099 | EX10: 289095 | EY10: 289688 | EZ10: 290593 | FA10: 288498 | FB10: 287931 | FC10: 285470 | FD10: 283684 | FE10: 279848 | FF10: 275666 | FG10: 269428 | FH10: 261097 | FI10: 252378 | FJ10: 243174 | FK10: 233432 | FL10: 225283 | FM10: 216444 | FN10: 208105 | FO10: 198714 | FP10: 189686 | FQ10: 180288 | FR10: 171373 | FS10: 163086 | FT10: 154981 | FU10: 146413 | FV10: 138045 | FW10: 129145 | FX10: 120847 | FY10: 112691 | FZ10: 105368 | GA10: 99133 | GB10: 94326 | GC10: 89894 | GD10: 84997 | GE10: 79592 | GF10: 73913 | GG10: 68168 | GH10: 62476 | GI10: 56752 | GJ10: 50930 | GK10: 45487 | GL10: 40619 | GM10: 35858 | GN10: 31388 | GO10: 27051 | GP10: 22966 | GQ10: 18797 | GR10: 15014 | GS10: 11921 | GT10: 9369 | GU10: 7412 | GV10: 5783 | GW10: 4447 | GX10: 3193 | GY10: 2145 | GZ10: 6957 | HA10: 740034 | HB10: 751249 | HC10: 761271 | HD10: 771531 | HE10: 781474 | HF10: 791611 | HG10: 801916 | HH10: 812409 | HI10: 823188 | HJ10: 834344 | HK10: 846076 | HL10: 858420 | HM10: 859867 | HN10: 859771 | HO10: 858022 | HP10: 855915 | HQ10: 853986 | HR10: 853949 | HS10: 847621 | HT10: 841521 | HU10: 836372 | HV10: 829593 | HW10: 825994 | HX10: 823636 | HY10: 816321 | HZ10: 802086 | IA10: 784242 | IB10: 765670 | IC10: 747509 | ID10: 729427 | IE10: 712828 | IF10: 700941 | IG10: 691618 | IH10: 684196 | II10: 681604 | IJ10: 678704 | IK10: 672526 | IL10: 664957 | IM10: 653168 | IN10: 635201 | IO10: 616160 | IP10: 597507 | IQ10: 578952 | IR10: 566116 | IS10: 559668 | IT10: 555703 | IU10: 553483 | IV10: 553930 | IW10: 554348 | IX10: 551458 | IY10: 547728 | IZ10: 543555 | JA10: 537725 | JB10: 530277 | JC10: 521089 | JD10: 508500 | JE10: 492142 | JF10: 474180 | JG10: 454694 | JH10: 435939 | JI10: 418729 | JJ10: 401965 | JK10: 385022 | JL10: 368443 | JM10: 351738 | JN10: 334645 | JO10: 318092 | JP10: 302390 | JQ10: 286595 | JR10: 270777 | JS10: 254978 | JT10: 238339 | JU10: 221935 | JV10: 206591 | JW10: 192795 | JX10: 181315 | JY10: 171780 | JZ10: 162620 | KA10: 152701 | KB10: 142169 | KC10: 130991 | KD10: 119297 | KE10: 107937 | KF10: 97429 | KG10: 87217 | KH10: 77754 | KI10: 68757 | KJ10: 60237 | KK10: 52175 | KL10: 44727 | KM10: 37584 | KN10: 30526 | KO10: 24302 | KP10: 19115 | KQ10: 14915 | KR10: 11657 | KS10: 8961 | KT10: 6811 | KU10: 4934 | KV10: 3484 | KW10: 12143
A11: Total Nacional | B11: 2019 | C11: Total | D11: 49266526 | E11: 24117643 | F11: 25148883 | G11: 379692 | H11: 386682 | I11: 391193 | J11: 396244 | K11: 401414 | L11: 405771 | M11: 410366 | N11: 415066 | O11: 420565 | P11: 426110 | Q11: 431629 | R11: 437218 | S11: 443190 | T11: 443893 | U11: 443809 | V11: 442286 | W11: 440639 | X11: 439378 | Y11: 439728 | Z11: 434624 | AA11: 430028 | AB11: 426126 | AC11: 423823 | AD11: 422602 | AE11: 421417 | AF11: 417141 | AG11: 408561 | AH11: 398459 | AI11: 388367 | AJ11: 378161 | AK11: 368352 | AL11: 357497 | AM11: 350232 | AN11: 343816 | AO11: 339282 | AP11: 336499 | AQ11: 333356 | AR11: 328936 | AS11: 324797 | AT11: 317946 | AU11: 309402 | AV11: 298435 | AW11: 289498 | AX11: 278918 | AY11: 272617 | AZ11: 269180 | BA11: 267041 | BB11: 265576 | BC11: 265176 | BD11: 264447 | BE11: 263405 | BF11: 260015 | BG11: 258067 | BH11: 253802 | BI11: 249960 | BJ11: 244734 | BK11: 238171 | BL11: 229953 | BM11: 220521 | BN11: 210076 | BO11: 200894 | BP11: 191658 | BQ11: 183554 | BR11: 174788 | BS11: 167409 | BT11: 159560 | BU11: 151687 | BV11: 143890 | BW11: 136313 | BX11: 128471 | BY11: 121075 | BZ11: 113518 | CA11: 105672 | CB11: 97507 | CC11: 90239 | CD11: 83686 | CE11: 78323 | CF11: 73461 | CG11: 68622 | CH11: 63526 | CI11: 58361 | CJ11: 52896 | CK11: 47057 | CL11: 41527 | CM11: 36860 | CN11: 32603 | CO11: 28721 | CP11: 24803 | CQ11: 21262 | CR11: 17930 | CS11: 15067 | CT11: 12304 | CU11: 9750 | CV11: 7624 | CW11: 5829 | CX11: 4440 | CY11: 3361 | CZ11: 2490 | DA11: 1841 | DB11: 1353 | DC11: 3822 | DD11: 361190 | DE11: 367014 | DF11: 373221 | DG11: 377510 | DH11: 381896 | DI11: 386812 | DJ11: 391708 | DK11: 396699 | DL11: 401120 | DM11: 405805 | DN11: 410927 | DO11: 416601 | DP11: 422520 | DQ11: 422927 | DR11: 422752 | DS11: 422723 | DT11: 423033 | DU11: 423807 | DV11: 425327 | DW11: 426203 | DX11: 426636 | DY11: 426915 | DZ11: 423474 | EA11: 421621 | EB11: 420511 | EC11: 417194 | ED11: 411008 | EE11: 402577 | EF11: 393289 | EG11: 384458 | EH11: 375280 | EI11: 368637 | EJ11: 363105 | EK11: 359317 | EL11: 355575 | EM11: 354936 | EN11: 354375 | EO11: 351875 | EP11: 347724 | EQ11: 342114 | ER11: 332082 | ES11: 323437 | ET11: 313183 | EU11: 304718 | EV11: 297696 | EW11: 294197 | EX11: 291901 | EY11: 290683 | EZ11: 291061 | FA11: 291752 | FB11: 289469 | FC11: 288695 | FD11: 286043 | FE11: 284063 | FF11: 280044 | FG11: 275674 | FH11: 269261 | FI11: 260764 | FJ11: 251879 | FK11: 242517 | FL11: 232621 | FM11: 224305 | FN11: 215311 | FO11: 206797 | FP11: 197249 | FQ11: 188062 | FR11: 178512 | FS11: 169432 | FT11: 160978 | FU11: 152704 | FV11: 143975 | FW11: 135453 | FX11: 126424 | FY11: 117982 | FZ11: 109707 | GA11: 102235 | GB11: 95836 | GC11: 90816 | GD11: 86153 | GE11: 81051 | GF11: 75479 | GG11: 69670 | GH11: 63836 | GI11: 58078 | GJ11: 52336 | GK11: 46626 | GL11: 41266 | GM11: 36482 | GN11: 31863 | GO11: 27566 | GP11: 23464 | GQ11: 19652 | GR11: 15863 | GS11: 12494 | GT11: 9774 | GU11: 7569 | GV11: 5897 | GW11: 4531 | GX11: 3443 | GY11: 2453 | GZ11: 5403 | HA11: 740882 | HB11: 753696 | HC11: 764414 | HD11: 773754 | HE11: 783310 | HF11: 792583 | HG11: 802074 | HH11: 811765 | HI11: 821685 | HJ11: 831915 | HK11: 842556 | HL11: 853819 | HM11: 865710 | HN11: 866820 | HO11: 866561 | HP11: 865009 | HQ11: 863672 | HR11: 863185 | HS11: 865055 | HT11: 860827 | HU11: 856664 | HV11: 853041 | HW11: 847297 | HX11: 844223 | HY11: 841928 | HZ11: 834335 | IA11: 819569 | IB11: 801036 | IC11: 781656 | ID11: 762619 | IE11: 743632 | IF11: 726134 | IG11: 713337 | IH11: 703133 | II11: 694857 | IJ11: 691435 | IK11: 687731 | IL11: 680811 | IM11: 672521 | IN11: 660060 | IO11: 641484 | IP11: 621872 | IQ11: 602681 | IR11: 583636 | IS11: 570313 | IT11: 563377 | IU11: 558942 | IV11: 556259 | IW11: 556237 | IX11: 556199 | IY11: 552874 | IZ11: 548710 | JA11: 544110 | JB11: 537865 | JC11: 530004 | JD11: 520408 | JE11: 507432 | JF11: 490717 | JG11: 472400 | JH11: 452593 | JI11: 433515 | JJ11: 415963 | JK11: 398865 | JL11: 381585 | JM11: 364658 | JN11: 347622 | JO11: 330199 | JP11: 313322 | JQ11: 297291 | JR11: 281175 | JS11: 265050 | JT11: 248971 | JU11: 232096 | JV11: 215489 | JW11: 199946 | JX11: 185921 | JY11: 174159 | JZ11: 164277 | KA11: 154775 | KB11: 144577 | KC11: 133840 | KD11: 122566 | KE11: 110893 | KF11: 99605 | KG11: 89196 | KH11: 79229 | KI11: 69987 | KJ11: 61285 | KK11: 53125 | KL11: 45496 | KM11: 38531 | KN11: 31956 | KO11: 25613 | KP11: 20118 | KQ11: 15603 | KR11: 12009 | KS11: 9258 | KT11: 7021 | KU11: 5284 | KV11: 3806 | KW11: 9225
A12: Total Nacional | B12: 2020 | C12: Total | D12: 50390790 | E12: 24679740 | F12: 25711050 | G12: 385600 | H12: 388121 | I12: 394740 | J12: 398807 | K12: 403410 | L12: 408157 | M12: 412107 | N12: 416315 | O12: 420666 | P12: 425820 | Q12: 431052 | R12: 436279 | S12: 441600 | T12: 447356 | U12: 447940 | V12: 447937 | W12: 446762 | X12: 445804 | Y12: 445487 | Z12: 446912 | AA12: 442886 | AB12: 439218 | AC12: 436031 | AD12: 434157 | AE12: 433119 | AF12: 431879 | AG12: 427364 | AH12: 418453 | AI12: 407931 | AJ12: 397360 | AK12: 386635 | AL12: 376292 | AM12: 364919 | AN12: 357138 | AO12: 350210 | AP12: 345181 | AQ12: 341919 | AR12: 338315 | AS12: 333461 | AT12: 328906 | AU12: 321673 | AV12: 312767 | AW12: 301480 | AX12: 292226 | AY12: 281364 | AZ12: 274777 | BA12: 271066 | BB12: 268640 | BC12: 266902 | BD12: 266233 | BE12: 265233 | BF12: 263926 | BG12: 260291 | BH12: 258083 | BI12: 253580 | BJ12: 249490 | BK12: 244021 | BL12: 237236 | BM12: 228802 | BN12: 219180 | BO12: 208563 | BP12: 199187 | BQ12: 189780 | BR12: 181486 | BS12: 172537 | BT12: 164972 | BU12: 156935 | BV12: 148893 | BW12: 140923 | BX12: 133178 | BY12: 125196 | BZ12: 117655 | CA12: 109965 | CB12: 102034 | CC12: 93806 | CD12: 86484 | CE12: 79854 | CF12: 74388 | CG12: 69417 | CH12: 64480 | CI12: 59342 | CJ12: 54172 | CK12: 48767 | CL12: 43063 | CM12: 37713 | CN12: 33192 | CO12: 29092 | CP12: 25382 | CQ12: 21692 | CR12: 18399 | CS12: 15338 | CT12: 12729 | CU12: 10272 | CV12: 8034 | CW12: 6210 | CX12: 4698 | CY12: 3544 | CZ12: 2656 | DA12: 1962 | DB12: 1452 | DC12: 3082 | DD12: 366775 | DE12: 369027 | DF12: 374550 | DG12: 380373 | DH12: 384285 | DI12: 388297 | DJ12: 392854 | DK12: 397419 | DL12: 402082 | DM12: 406201 | DN12: 410601 | DO12: 415467 | DP12: 420903 | DQ12: 426638 | DR12: 426979 | DS12: 426976 | DT12: 427522 | DU12: 428860 | DV12: 430976 | DW12: 433894 | DX12: 435972 | DY12: 437281 | DZ12: 438068 | EA12: 434824 | EB12: 432908 | EC12: 431515 | ED12: 427785 | EE12: 421105 | EF12: 412136 | EG12: 402297 | EH12: 392904 | EI12: 383185 | EJ12: 376009 | EK12: 369972 | EL12: 365689 | EM12: 361492 | EN12: 360404 | EO12: 359418 | EP12: 356514 | EQ12: 351994 | ER12: 346019 | ES12: 335676 | ET12: 326723 | EU12: 316187 | EV12: 307461 | EW12: 300191 | EX12: 296447 | EY12: 293908 | EZ12: 292455 | FA12: 292599 | FB12: 293064 | FC12: 290560 | FD12: 289571 | FE12: 286709 | FF12: 284519 | FG12: 280295 | FH12: 275720 | FI12: 269111 | FJ12: 260434 | FK12: 251371 | FL12: 241837 | FM12: 231770 | FN12: 223281 | FO12: 214104 | FP12: 205413 | FQ12: 195693 | FR12: 186336 | FS12: 176613 | FT12: 167365 | FU12: 158729 | FV12: 150274 | FW12: 141389 | FX12: 132702 | FY12: 123532 | FZ12: 114952 | GA12: 106545 | GB12: 98945 | GC12: 92376 | GD12: 87145 | GE12: 82259 | GF12: 76964 | GG12: 71246 | GH12: 65338 | GI12: 59431 | GJ12: 53652 | GK12: 47999 | GL12: 42382 | GM12: 37147 | GN12: 32496 | GO12: 28060 | GP12: 23980 | GQ12: 20142 | GR12: 16642 | GS12: 13251 | GT12: 10289 | GU12: 7936 | GV12: 6063 | GW12: 4662 | GX12: 3548 | GY12: 2662 | GZ12: 4729 | HA12: 752375 | HB12: 757148 | HC12: 769290 | HD12: 779180 | HE12: 787695 | HF12: 796454 | HG12: 804961 | HH12: 813734 | HI12: 822748 | HJ12: 832021 | HK12: 841653 | HL12: 851746 | HM12: 862503 | HN12: 873994 | HO12: 874919 | HP12: 874913 | HQ12: 874284 | HR12: 874664 | HS12: 876463 | HT12: 880806 | HU12: 878858 | HV12: 876499 | HW12: 874099 | HX12: 868981 | HY12: 866027 | HZ12: 863394 | IA12: 855149 | IB12: 839558 | IC12: 820067 | ID12: 799657 | IE12: 779539 | IF12: 759477 | IG12: 740928 | IH12: 727110 | II12: 715899 | IJ12: 706673 | IK12: 702323 | IL12: 697733 | IM12: 689975 | IN12: 680900 | IO12: 667692 | IP12: 648443 | IQ12: 628203 | IR12: 608413 | IS12: 588825 | IT12: 574968 | IU12: 567513 | IV12: 562548 | IW12: 559357 | IX12: 558832 | IY12: 558297 | IZ12: 554486 | JA12: 549862 | JB12: 544792 | JC12: 538099 | JD12: 529785 | JE12: 519741 | JF12: 506347 | JG12: 489236 | JH12: 470551 | JI12: 450400 | JJ12: 430957 | JK12: 413061 | JL12: 395590 | JM12: 377950 | JN12: 360665 | JO12: 343271 | JP12: 325506 | JQ12: 308288 | JR12: 291907 | JS12: 275470 | JT12: 259044 | JU12: 242667 | JV12: 225566 | JW12: 208758 | JX12: 193029 | JY12: 178799 | JZ12: 166764 | KA12: 156562 | KB12: 146739 | KC12: 136306 | KD12: 125418 | KE12: 114105 | KF12: 102494 | KG12: 91365 | KH12: 81191 | KI12: 71474 | KJ12: 62529 | KK12: 54188 | KL12: 46459 | KM12: 39318 | KN12: 32871 | KO12: 26914 | KP12: 21285 | KQ12: 16499 | KR12: 12634 | KS12: 9607 | KT12: 7318 | KU12: 5510 | KV12: 4114 | KW12: 7811
A13: Total Nacional | B13: 2021 | C13: Total | D13: 51115637 | E13: 25037263 | F13: 26078374 | G13: 382677 | H13: 389658 | I13: 392098 | J13: 398527 | K13: 402382 | L13: 406782 | M13: 411323 | N13: 415086 | O13: 419114 | P13: 423282 | Q13: 428274 | R13: 433351 | S13: 438422 | T13: 443611 | U13: 449265 | V13: 449839 | W13: 449960 | X13: 449073 | Y13: 448528 | Z13: 448712 | AA13: 450599 | AB13: 447005 | AC13: 443661 | AD13: 440664 | AE13: 438864 | AF13: 437781 | AG13: 436409 | AH13: 431716 | AI13: 422595 | AJ13: 411843 | AK13: 401033 | AL13: 390063 | AM13: 379470 | AN13: 367857 | AO13: 359825 | AP13: 352660 | AQ13: 347400 | AR13: 343901 | AS13: 340070 | AT13: 335001 | AU13: 330244 | AV13: 322815 | AW13: 313727 | AX13: 302276 | AY13: 292856 | AZ13: 281842 | BA13: 275094 | BB13: 271202 | BC13: 268601 | BD13: 266676 | BE13: 265804 | BF13: 264610 | BG13: 263096 | BH13: 259267 | BI13: 256843 | BJ13: 252139 | BK13: 247833 | BL13: 242166 | BM13: 235169 | BN13: 226551 | BO13: 216762 | BP13: 205982 | BQ13: 196442 | BR13: 186873 | BS13: 178395 | BT13: 169289 | BU13: 161527 | BV13: 153316 | BW13: 145107 | BX13: 136973 | BY13: 129072 | BZ13: 120954 | CA13: 113271 | CB13: 105477 | CC13: 97468 | CD13: 89218 | CE13: 81849 | CF13: 75186 | CG13: 69635 | CH13: 64574 | CI13: 59580 | CJ13: 54426 | CK13: 49298 | CL13: 43999 | CM13: 38495 | CN13: 33381 | CO13: 29068 | CP13: 25185 | CQ13: 21702 | CR13: 18307 | CS13: 15303 | CT13: 12561 | CU13: 10257 | CV13: 8136 | CW13: 6257 | CX13: 4744 | CY13: 3527 | CZ13: 2612 | DA13: 1922 | DB13: 1394 | DC13: 2547 | DD13: 364150 | DE13: 370577 | DF13: 372783 | DG13: 378144 | DH13: 383785 | DI13: 387503 | DJ13: 391348 | DK13: 395732 | DL13: 400126 | DM13: 404633 | DN13: 408603 | DO13: 412866 | DP13: 417595 | DQ13: 422943 | DR13: 428624 | DS13: 429044 | DT13: 429327 | DU13: 430384 | DV13: 432399 | DW13: 435219 | DX13: 438743 | DY13: 441265 | DZ13: 442838 | EA13: 443703 | EB13: 440424 | EC13: 438361 | ED13: 436750 | EE13: 432758 | EF13: 425795 | EG13: 416537 | EH13: 406402 | EI13: 396728 | EJ13: 386731 | EK13: 379286 | EL13: 372991 | EM13: 368459 | EN13: 364029 | EO13: 362711 | EP13: 361505 | EQ13: 358391 | ER13: 353673 | ES13: 347518 | ET13: 337003 | EU13: 327892 | EV13: 317214 | EW13: 308335 | EX13: 300931 | EY13: 297035 | EZ13: 294349 | FA13: 292748 | FB13: 292738 | FC13: 293037 | FD13: 290382 | FE13: 289230 | FF13: 286214 | FG13: 283853 | FH13: 279467 | FI13: 274718 | FJ13: 267952 | FK13: 259123 | FL13: 249906 | FM13: 240218 | FN13: 230007 | FO13: 221342 | FP13: 212006 | FQ13: 203144 | FR13: 193265 | FS13: 183729 | FT13: 173852 | FU13: 164432 | FV13: 155621 | FW13: 146984 | FX13: 137939 | FY13: 129093 | FZ13: 119789 | GA13: 111082 | GB13: 102553 | GC13: 94823 | GD13: 88102 | GE13: 82660 | GF13: 77560 | GG13: 72085 | GH13: 66244 | GI13: 60264 | GJ13: 54335 | GK13: 48649 | GL13: 43081 | GM13: 37620 | GN13: 32577 | GO13: 28128 | GP13: 23940 | GQ13: 20149 | GR13: 16647 | GS13: 13513 | GT13: 10555 | GU13: 8042 | GV13: 6081 | GW13: 4556 | GX13: 3433 | GY13: 2553 | GZ13: 4211 | HA13: 746827 | HB13: 760235 | HC13: 764881 | HD13: 776671 | HE13: 786167 | HF13: 794285 | HG13: 802671 | HH13: 810818 | HI13: 819240 | HJ13: 827915 | HK13: 836877 | HL13: 846217 | HM13: 856017 | HN13: 866554 | HO13: 877889 | HP13: 878883 | HQ13: 879287 | HR13: 879457 | HS13: 880927 | HT13: 883931 | HU13: 889342 | HV13: 888270 | HW13: 886499 | HX13: 884367 | HY13: 879288 | HZ13: 876142 | IA13: 873159 | IB13: 864474 | IC13: 848390 | ID13: 828380 | IE13: 807435 | IF13: 786791 | IG13: 766201 | IH13: 747143 | II13: 732816 | IJ13: 721119 | IK13: 711429 | IL13: 706612 | IM13: 701575 | IN13: 693392 | IO13: 683917 | IP13: 670333 | IQ13: 650730 | IR13: 630168 | IS13: 610070 | IT13: 590177 | IU13: 576025 | IV13: 568237 | IW13: 562950 | IX13: 559424 | IY13: 558542 | IZ13: 557647 | JA13: 553478 | JB13: 548497 | JC13: 543057 | JD13: 535992 | JE13: 527300 | JF13: 516884 | JG13: 503121 | JH13: 485674 | JI13: 466668 | JJ13: 446200 | JK13: 426449 | JL13: 408215 | JM13: 390401 | JN13: 372433 | JO13: 354792 | JP13: 337045 | JQ13: 318959 | JR13: 301405 | JS13: 284693 | JT13: 267938 | JU13: 251210 | JV13: 234570 | JW13: 217257 | JX13: 200300 | JY13: 184402 | JZ13: 170009 | KA13: 157737 | KB13: 147234 | KC13: 137140 | KD13: 126511 | KE13: 115542 | KF13: 104263 | KG13: 92830 | KH13: 82030 | KI13: 72149 | KJ13: 62805 | KK13: 54279 | KL13: 46435 | KM13: 39243 | KN13: 32710 | KO13: 26904 | KP13: 21649 | KQ13: 16812 | KR13: 12786 | KS13: 9608 | KT13: 7168 | KU13: 5355 | KV13: 3947 | KW13: 6758
A14: Total Nacional | B14: 2022 | C14: Total | D14: 51643565 | E14: 25294681 | F14: 26348884 | G14: 379263 | H14: 384581 | I14: 391602 | J14: 393982 | K14: 400313 | L14: 404075 | M14: 408374 | N14: 412822 | O14: 416489 | P14: 420425 | Q14: 424509 | R14: 429404 | S14: 434383 | T14: 439368 | U14: 444465 | V14: 450065 | W14: 450657 | X14: 450860 | Y14: 450131 | Z14: 449777 | AA14: 450156 | AB14: 452184 | AC14: 448709 | AD14: 445431 | AE14: 442449 | AF14: 440601 | AG14: 439446 | AH14: 437960 | AI14: 433147 | AJ14: 423917 | AK14: 413064 | AL14: 402144 | AM14: 391067 | AN14: 380365 | AO14: 368659 | AP14: 360523 | AQ14: 353251 | AR14: 347878 | AS14: 344261 | AT14: 340317 | AU14: 335135 | AV14: 330255 | AW14: 322718 | AX14: 313530 | AY14: 301993 | AZ14: 292467 | BA14: 281369 | BB14: 274514 | BC14: 270496 | BD14: 267752 | BE14: 265684 | BF14: 264650 | BG14: 263275 | BH14: 261587 | BI14: 257582 | BJ14: 254964 | BK14: 250071 | BL14: 245568 | BM14: 239697 | BN14: 232513 | BO14: 223717 | BP14: 213767 | BQ14: 202850 | BR14: 193150 | BS14: 183421 | BT14: 174770 | BU14: 165509 | BV14: 157565 | BW14: 149188 | BX14: 140813 | BY14: 132531 | BZ14: 124483 | CA14: 116242 | CB14: 108438 | CC14: 100558 | CD14: 92496 | CE14: 84249 | CF14: 76874 | CG14: 70202 | CH14: 64601 | CI14: 59489 | CJ14: 54473 | CK14: 49359 | CL14: 44309 | CM14: 39168 | CN14: 33926 | CO14: 29091 | CP14: 25025 | CQ14: 21410 | CR14: 18194 | CS14: 15112 | CT14: 12434 | CU14: 10026 | CV14: 8039 | CW14: 6257 | CX14: 4717 | CY14: 3499 | CZ14: 2548 | DA14: 1847 | DB14: 1328 | DC14: 2112 | DD14: 360917 | DE14: 365925 | DF14: 372401 | DG14: 374552 | DH14: 379831 | DI14: 385385 | DJ14: 389019 | DK14: 392776 | DL14: 397075 | DM14: 401385 | DN14: 405812 | DO14: 409708 | DP14: 413893 | DQ14: 418572 | DR14: 423882 | DS14: 429599 | DT14: 430155 | DU14: 430688 | DV14: 432079 | DW14: 434433 | DX14: 437544 | DY14: 441273 | DZ14: 443902 | EA14: 445503 | EB14: 446319 | EC14: 442953 | ED14: 440779 | EE14: 439022 | EF14: 434874 | EG14: 427755 | EH14: 418343 | EI14: 408068 | EJ14: 398242 | EK14: 388117 | EL14: 380545 | EM14: 374117 | EN14: 369459 | EO14: 364914 | EP14: 363475 | EQ14: 362141 | ER14: 358916 | ES14: 354090 | ET14: 347824 | EU14: 337216 | EV14: 328019 | EW14: 317255 | EX14: 308292 | EY14: 300801 | EZ14: 296811 | FA14: 294021 | FB14: 292312 | FC14: 292179 | FD14: 292353 | FE14: 289571 | FF14: 288286 | FG14: 285135 | FH14: 282621 | FI14: 278088 | FJ14: 273197 | FK14: 266272 | FL14: 257301 | FM14: 247945 | FN14: 238111 | FO14: 227763 | FP14: 218934 | FQ14: 209441 | FR14: 200408 | FS14: 190374 | FT14: 180675 | FU14: 170635 | FV14: 161055 | FW14: 152066 | FX14: 143258 | FY14: 134052 | FZ14: 125058 | GA14: 115640 | GB14: 106808 | GC14: 98179 | GD14: 90340 | GE14: 83483 | GF14: 77860 | GG14: 72567 | GH14: 66956 | GI14: 61034 | GJ14: 55028 | GK14: 49204 | GL14: 43600 | GM14: 38187 | GN14: 32939 | GO14: 28147 | GP14: 23956 | GQ14: 20066 | GR14: 16609 | GS14: 13474 | GT14: 10728 | GU14: 8208 | GV14: 6120 | GW14: 4530 | GX14: 3317 | GY14: 2443 | GZ14: 3694 | HA14: 740180 | HB14: 750506 | HC14: 764003 | HD14: 768534 | HE14: 780144 | HF14: 789460 | HG14: 797393 | HH14: 805598 | HI14: 813564 | HJ14: 821810 | HK14: 830321 | HL14: 839112 | HM14: 848276 | HN14: 857940 | HO14: 868347 | HP14: 879664 | HQ14: 880812 | HR14: 881548 | HS14: 882210 | HT14: 884210 | HU14: 887700 | HV14: 893457 | HW14: 892611 | HX14: 890934 | HY14: 888768 | HZ14: 883554 | IA14: 880225 | IB14: 876982 | IC14: 868021 | ID14: 851672 | IE14: 831407 | IF14: 810212 | IG14: 789309 | IH14: 768482 | II14: 749204 | IJ14: 734640 | IK14: 722710 | IL14: 712792 | IM14: 707736 | IN14: 702458 | IO14: 694051 | IP14: 684345 | IQ14: 670542 | IR14: 650746 | IS14: 630012 | IT14: 609722 | IU14: 589661 | IV14: 575315 | IW14: 567307 | IX14: 561773 | IY14: 557996 | IZ14: 556829 | JA14: 555628 | JB14: 551158 | JC14: 545868 | JD14: 540099 | JE14: 532692 | JF14: 523656 | JG14: 512894 | JH14: 498785 | JI14: 481018 | JJ14: 461712 | JK14: 440961 | JL14: 420913 | JM14: 402355 | JN14: 384211 | JO14: 365917 | JP14: 347939 | JQ14: 329863 | JR14: 311448 | JS14: 293586 | JT14: 276549 | JU14: 259500 | JV14: 242490 | JW14: 225616 | JX14: 208136 | JY14: 191057 | JZ14: 175053 | KA14: 160542 | KB14: 148084 | KC14: 137349 | KD14: 127040 | KE14: 116315 | KF14: 105343 | KG14: 94196 | KH14: 83130 | KI14: 72691 | KJ14: 63212 | KK14: 54349 | KL14: 46341 | KM14: 39068 | KN14: 32500 | KO14: 26635 | KP14: 21513 | KQ14: 16985 | KR14: 12925 | KS14: 9619 | KT14: 7078 | KU14: 5164 | KV14: 3771 | KW14: 5806
A15: Total Nacional | B15: 2023 | C15: Total | D15: 52117067 | E15: 25527864 | F15: 26589203 | G15: 375915 | H15: 380514 | I15: 385906 | J15: 392867 | K15: 395204 | L15: 401458 | M15: 405163 | N15: 409401 | O15: 413778 | P15: 417388 | Q15: 421257 | R15: 425275 | S15: 430103 | T15: 435000 | U15: 439914 | V15: 444957 | W15: 450524 | X15: 451151 | Y15: 451426 | Z15: 450794 | AA15: 450533 | AB15: 450991 | AC15: 453034 | AD15: 449569 | AE15: 446277 | AF15: 443257 | AG15: 441352 | AH15: 440106 | AI15: 438526 | AJ15: 433605 | AK15: 424308 | AL15: 413395 | AM15: 402411 | AN15: 391286 | AO15: 380512 | AP15: 368778 | AQ15: 360576 | AR15: 353245 | AS15: 347807 | AT15: 344116 | AU15: 340077 | AV15: 334821 | AW15: 329848 | AX15: 322232 | AY15: 312955 | AZ15: 301355 | BA15: 291755 | BB15: 280589 | BC15: 273649 | BD15: 269516 | BE15: 266656 | BF15: 264449 | BG15: 263262 | BH15: 261732 | BI15: 259868 | BJ15: 255703 | BK15: 252894 | BL15: 247825 | BM15: 243127 | BN15: 237063 | BO15: 229704 | BP15: 220732 | BQ15: 210630 | BR15: 199581 | BS15: 189733 | BT15: 179861 | BU15: 171044 | BV15: 161641 | BW15: 153523 | BX15: 144988 | BY15: 136473 | BZ15: 128051 | CA15: 119880 | CB15: 111535 | CC15: 103638 | CD15: 95689 | CE15: 87611 | CF15: 79386 | CG15: 72038 | CH15: 65388 | CI15: 59773 | CJ15: 54655 | CK15: 49664 | CL15: 44628 | CM15: 39702 | CN15: 34760 | CO15: 29794 | CP15: 25263 | CQ15: 21472 | CR15: 18127 | CS15: 15194 | CT15: 12429 | CU15: 10060 | CV15: 7976 | CW15: 6286 | CX15: 4800 | CY15: 3550 | CZ15: 2584 | DA15: 1846 | DB15: 1311 | DC15: 1809 | DD15: 357675 | DE15: 362017 | DF15: 367096 | DG15: 373526 | DH15: 375642 | DI15: 380868 | DJ15: 386361 | DK15: 389941 | DL15: 393645 | DM15: 397886 | DN15: 402144 | DO15: 406515 | DP15: 410359 | DQ15: 414511 | DR15: 419167 | DS15: 424503 | DT15: 430291 | DU15: 431014 | DV15: 431755 | DW15: 433353 | DX15: 435871 | DY15: 439090 | DZ15: 442867 | EA15: 445475 | EB15: 447028 | EC15: 447747 | ED15: 444304 | EE15: 442034 | EF15: 440167 | EG15: 435905 | EH15: 428678 | EI15: 419172 | EJ15: 408808 | EK15: 398898 | EL15: 388699 | EM15: 381048 | EN15: 374553 | EO15: 369818 | EP15: 365200 | EQ15: 363676 | ER15: 362261 | ES15: 358952 | ET15: 354041 | EU15: 347697 | EV15: 337025 | EW15: 327758 | EX15: 316934 | EY15: 307919 | EZ15: 300358 | FA15: 296294 | FB15: 293416 | FC15: 291612 | FD15: 291381 | FE15: 291422 | FF15: 288539 | FG15: 287119 | FH15: 283839 | FI15: 281185 | FJ15: 276514 | FK15: 271465 | FL15: 264396 | FM15: 255295 | FN15: 245797 | FO15: 235823 | FP15: 225339 | FQ15: 216355 | FR15: 206698 | FS15: 197502 | FT15: 187315 | FU15: 177452 | FV15: 167260 | FW15: 157523 | FX15: 148365 | FY15: 139389 | FZ15: 130042 | GA15: 120908 | GB15: 111387 | GC15: 102450 | GD15: 93740 | GE15: 85818 | GF15: 78858 | GG15: 73087 | GH15: 67650 | GI15: 61944 | GJ15: 55987 | GK15: 50079 | GL15: 44346 | GM15: 38886 | GN15: 33668 | GO15: 28680 | GP15: 24179 | GQ15: 20275 | GR15: 16725 | GS15: 13601 | GT15: 10837 | GU15: 8462 | GV15: 6351 | GW15: 4644 | GX15: 3363 | GY15: 2417 | GZ15: 3272 | HA15: 733590 | HB15: 742531 | HC15: 753002 | HD15: 766393 | HE15: 770846 | HF15: 782326 | HG15: 791524 | HH15: 799342 | HI15: 807423 | HJ15: 815274 | HK15: 823401 | HL15: 831790 | HM15: 840462 | HN15: 849511 | HO15: 859081 | HP15: 869460 | HQ15: 880815 | HR15: 882165 | HS15: 883181 | HT15: 884147 | HU15: 886404 | HV15: 890081 | HW15: 895901 | HX15: 895044 | HY15: 893305 | HZ15: 891004 | IA15: 885656 | IB15: 882140 | IC15: 878693 | ID15: 869510 | IE15: 852986 | IF15: 832567 | IG15: 811219 | IH15: 790184 | II15: 769211 | IJ15: 749826 | IK15: 735129 | IL15: 723063 | IM15: 713007 | IN15: 707792 | IO15: 702338 | IP15: 693773 | IQ15: 683889 | IR15: 669929 | IS15: 649980 | IT15: 629113 | IU15: 608689 | IV15: 588508 | IW15: 574007 | IX15: 565810 | IY15: 560072 | IZ15: 556061 | JA15: 554643 | JB15: 553154 | JC15: 548407 | JD15: 542822 | JE15: 536733 | JF15: 529010 | JG15: 519641 | JH15: 508528 | JI15: 494100 | JJ15: 476027 | JK15: 456427 | JL15: 435404 | JM15: 415072 | JN15: 396216 | JO15: 377742 | JP15: 359143 | JQ15: 340838 | JR15: 322440 | JS15: 303733 | JT15: 285574 | JU15: 268245 | JV15: 250924 | JW15: 233680 | JX15: 216597 | JY15: 198998 | JZ15: 181836 | KA15: 165778 | KB15: 151206 | KC15: 138631 | KD15: 127742 | KE15: 117314 | KF15: 106572 | KG15: 95689 | KH15: 84839 | KI15: 74140 | KJ15: 64149 | KK15: 55140 | KL15: 46807 | KM15: 39373 | KN15: 32704 | KO15: 26785 | KP15: 21577 | KQ15: 17123 | KR15: 13262 | KS15: 9901 | KT15: 7228 | KU15: 5209 | KV15: 3728 | KW15: 5081
A16: Total Nacional | B16: 2024 | C16: Total | D16: 52613753 | E16: 25777598 | F16: 26836155 | G16: 372539 | H16: 377208 | I16: 381864 | J16: 387204 | K16: 394097 | L16: 396365 | M16: 402550 | N16: 406193 | O16: 410370 | P16: 414684 | Q16: 418228 | R16: 422035 | S16: 425985 | T16: 430736 | U16: 435573 | V16: 440435 | W16: 445476 | X16: 451082 | Y16: 451790 | Z16: 452175 | AA16: 451658 | AB16: 451479 | AC16: 452001 | AD16: 454031 | AE16: 450560 | AF16: 447233 | AG16: 444166 | AH16: 442186 | AI16: 440856 | AJ16: 439175 | AK16: 434163 | AL16: 424783 | AM16: 413806 | AN16: 402760 | AO16: 391571 | AP16: 380735 | AQ16: 368945 | AR16: 360682 | AS16: 353285 | AT16: 347775 | AU16: 343995 | AV16: 339880 | AW16: 334540 | AX16: 329478 | AY16: 321775 | AZ16: 312419 | BA16: 300750 | BB16: 291073 | BC16: 279840 | BD16: 272807 | BE16: 268579 | BF16: 265590 | BG16: 263251 | BH16: 261919 | BI16: 260231 | BJ16: 258199 | BK16: 253880 | BL16: 250890 | BM16: 245653 | BN16: 240772 | BO16: 234532 | BP16: 226989 | BQ16: 217866 | BR16: 207625 | BS16: 196451 | BT16: 186462 | BU16: 176462 | BV16: 167497 | BW16: 157965 | BX16: 149691 | BY16: 141022 | BZ16: 132380 | CA16: 123844 | CB16: 115568 | CC16: 107148 | CD16: 99180 | CE16: 91191 | CF16: 83114 | CG16: 74944 | CH16: 67642 | CI16: 61038 | CJ16: 55451 | CK16: 50350 | CL16: 45419 | CM16: 40482 | CN16: 35713 | CO16: 30978 | CP16: 26289 | CQ16: 22054 | CR16: 18538 | CS16: 15453 | CT16: 12784 | CU16: 10308 | CV16: 8219 | CW16: 6418 | CX16: 4973 | CY16: 3735 | CZ16: 2714 | DA16: 1945 | DB16: 1367 | DC16: 1837 | DD16: 354458 | DE16: 358822 | DF16: 363234 | DG16: 368281 | DH16: 374647 | DI16: 376708 | DJ16: 381874 | DK16: 387309 | DL16: 390832 | DM16: 394481 | DN16: 398668 | DO16: 402872 | DP16: 407189 | DQ16: 410997 | DR16: 415127 | DS16: 419808 | DT16: 425232 | DU16: 431186 | DV16: 432120 | DW16: 433085 | DX16: 434860 | DY16: 437492 | DZ16: 440780 | EA16: 444560 | EB16: 447121 | EC16: 448600 | ED16: 449211 | EE16: 445677 | EF16: 443304 | EG16: 441323 | EH16: 436947 | EI16: 429617 | EJ16: 420006 | EK16: 409560 | EL16: 399559 | EM16: 389281 | EN16: 381554 | EO16: 374978 | EP16: 370162 | EQ16: 365478 | ER16: 363872 | ES16: 362366 | ET16: 358972 | EU16: 353991 | EV16: 347556 | EW16: 336827 | EX16: 327488 | EY16: 316603 | EZ16: 307527 | FA16: 299903 | FB16: 295751 | FC16: 292791 | FD16: 290891 | FE16: 290544 | FF16: 290468 | FG16: 287470 | FH16: 285912 | FI16: 282514 | FJ16: 279706 | FK16: 274892 | FL16: 269696 | FM16: 262481 | FN16: 253231 | FO16: 243593 | FP16: 233481 | FQ16: 222856 | FR16: 213711 | FS16: 203903 | FT16: 194532 | FU16: 184192 | FV16: 174177 | FW16: 163832 | FX16: 153935 | FY16: 144617 | FZ16: 135487 | GA16: 125999 | GB16: 116744 | GC16: 107124 | GD16: 98113 | GE16: 89343 | GF16: 81361 | GG16: 74325 | GH16: 68444 | GI16: 62899 | GJ16: 57131 | GK16: 51259 | GL16: 45432 | GM16: 39832 | GN16: 34560 | GO16: 29567 | GP16: 24878 | GQ16: 20683 | GR16: 17089 | GS16: 13873 | GT16: 11100 | GU16: 8681 | GV16: 6659 | GW16: 4895 | GX16: 3514 | GY16: 2496 | GZ16: 3386 | HA16: 726997 | HB16: 736030 | HC16: 745098 | HD16: 755485 | HE16: 768744 | HF16: 773073 | HG16: 784424 | HH16: 793502 | HI16: 801202 | HJ16: 809165 | HK16: 816896 | HL16: 824907 | HM16: 833174 | HN16: 841733 | HO16: 850700 | HP16: 860243 | HQ16: 870708 | HR16: 882268 | HS16: 883910 | HT16: 885260 | HU16: 886518 | HV16: 888971 | HW16: 892781 | HX16: 898591 | HY16: 897681 | HZ16: 895833 | IA16: 893377 | IB16: 887863 | IC16: 884160 | ID16: 880498 | IE16: 871110 | IF16: 854400 | IG16: 833812 | IH16: 812320 | II16: 791130 | IJ16: 770016 | IK16: 750499 | IL16: 735660 | IM16: 723447 | IN16: 713253 | IO16: 707867 | IP16: 702246 | IQ16: 693512 | IR16: 683469 | IS16: 669331 | IT16: 649246 | IU16: 628238 | IV16: 607676 | IW16: 587367 | IX16: 572710 | IY16: 564330 | IZ16: 558381 | JA16: 554142 | JB16: 552463 | JC16: 550699 | JD16: 545669 | JE16: 539792 | JF16: 533404 | JG16: 525359 | JH16: 515664 | JI16: 504228 | JJ16: 489470 | JK16: 471097 | JL16: 451218 | JM16: 429932 | JN16: 409318 | JO16: 390173 | JP16: 371400 | JQ16: 352497 | JR16: 333883 | JS16: 315199 | JT16: 296212 | JU16: 277779 | JV16: 260185 | JW16: 242635 | JX16: 225179 | JY16: 207935 | JZ16: 190238 | KA16: 173057 | KB16: 156985 | KC16: 142399 | KD16: 129776 | KE16: 118794 | KF16: 108318 | KG16: 97613 | KH16: 86972 | KI16: 76410 | KJ16: 66121 | KK16: 56614 | KL16: 48105 | KM16: 40331 | KN16: 33467 | KO16: 27397 | KP16: 22092 | KQ16: 17518 | KR16: 13654 | KS16: 10394 | KT16: 7609 | KU16: 5459 | KV16: 3863 | KW16: 5223
A17: Total Nacional | B17: 2025 | C17: Total | D17: 53057212 | E17: 26001235 | F17: 27055977 | G17: 367902 | H17: 373397 | I17: 378139 | J17: 382777 | K17: 388072 | L17: 394905 | M17: 397135 | N17: 403268 | O17: 406867 | P17: 411000 | Q17: 415265 | R17: 418763 | S17: 422511 | T17: 426405 | U17: 431095 | V17: 435880 | W17: 440718 | X17: 445764 | Y17: 451391 | Z17: 452148 | AA17: 452578 | AB17: 452095 | AC17: 451933 | AD17: 452443 | AE17: 454406 | AF17: 450899 | AG17: 447526 | AH17: 444418 | AI17: 442376 | AJ17: 440980 | AK17: 439226 | AL17: 434144 | AM17: 424718 | AN17: 413711 | AO17: 402626 | AP17: 391403 | AQ17: 380527 | AR17: 368715 | AS17: 360409 | AT17: 352969 | AU17: 347408 | AV17: 343567 | AW17: 339373 | AX17: 333973 | AY17: 328830 | AZ17: 321054 | BA17: 311628 | BB17: 299901 | BC17: 290146 | BD17: 278864 | BE17: 271740 | BF17: 267408 | BG17: 264301 | BH17: 261832 | BI17: 260352 | BJ17: 258507 | BK17: 256306 | BL17: 251827 | BM17: 248654 | BN17: 243244 | BO17: 238173 | BP17: 231750 | BQ17: 224029 | BR17: 214748 | BS17: 204367 | BT17: 193070 | BU17: 182945 | BV17: 172812 | BW17: 163703 | BX17: 154045 | BY17: 145623 | BZ17: 136822 | CA17: 128059 | CB17: 119425 | CC17: 111056 | CD17: 102572 | CE17: 94551 | CF17: 86550 | CG17: 78493 | CH17: 70404 | CI17: 63175 | CJ17: 56657 | CK17: 51123 | CL17: 46079 | CM17: 41231 | CN17: 36443 | CO17: 31848 | CP17: 27356 | CQ17: 22972 | CR17: 19061 | CS17: 15816 | CT17: 13018 | CU17: 10610 | CV17: 8434 | CW17: 6618 | CX17: 5080 | CY17: 3870 | CZ17: 2858 | DA17: 2038 | DB17: 1441 | DC17: 1891 | DD17: 350030 | DE17: 355181 | DF17: 359632 | DG17: 364035 | DH17: 369045 | DI17: 375360 | DJ17: 377385 | DK17: 382512 | DL17: 387900 | DM17: 391393 | DN17: 394997 | DO17: 399145 | DP17: 403311 | DQ17: 407602 | DR17: 411391 | DS17: 415537 | DT17: 420280 | DU17: 425824 | DV17: 431900 | DW17: 432978 | DX17: 434053 | DY17: 435889 | DZ17: 438550 | EA17: 441830 | EB17: 445558 | EC17: 448062 | ED17: 449462 | EE17: 449978 | EF17: 446370 | EG17: 443929 | EH17: 441860 | EI17: 437403 | EJ17: 429997 | EK17: 420326 | EL17: 409813 | EM17: 399755 | EN17: 389437 | EO17: 381652 | EP17: 375027 | EQ17: 370148 | ER17: 365419 | ES17: 363746 | ET17: 362174 | EU17: 358710 | EV17: 353657 | EW17: 347161 | EX17: 336380 | EY17: 326979 | EZ17: 316046 | FA17: 306911 | FB17: 299234 | FC17: 295012 | FD17: 291957 | FE17: 289966 | FF17: 289508 | FG17: 289313 | FH17: 286195 | FI17: 284511 | FJ17: 280967 | FK17: 278019 | FL17: 273056 | FM17: 267693 | FN17: 260327 | FO17: 250935 | FP17: 241150 | FQ17: 230882 | FR17: 220119 | FS17: 210803 | FT17: 200836 | FU17: 191293 | FV17: 180786 | FW17: 170611 | FX17: 160113 | FY17: 150061 | FZ17: 140586 | GA17: 131290 | GB17: 121678 | GC17: 112302 | GD17: 102612 | GE17: 93532 | GF17: 84725 | GG17: 76718 | GH17: 69629 | GI17: 63668 | GJ17: 58046 | GK17: 52339 | GL17: 46528 | GM17: 40832 | GN17: 35425 | GO17: 30377 | GP17: 25662 | GQ17: 21299 | GR17: 17449 | GS17: 14195 | GT17: 11331 | GU17: 8901 | GV17: 6834 | GW17: 5133 | GX17: 3708 | GY17: 2603 | GZ17: 3508 | HA17: 717932 | HB17: 728578 | HC17: 737771 | HD17: 746812 | HE17: 757117 | HF17: 770265 | HG17: 774520 | HH17: 785780 | HI17: 794767 | HJ17: 802393 | HK17: 810262 | HL17: 817908 | HM17: 825822 | HN17: 834007 | HO17: 842486 | HP17: 851417 | HQ17: 860998 | HR17: 871588 | HS17: 883291 | HT17: 885126 | HU17: 886631 | HV17: 887984 | HW17: 890483 | HX17: 894273 | HY17: 899964 | HZ17: 898961 | IA17: 896988 | IB17: 894396 | IC17: 888746 | ID17: 884909 | IE17: 881086 | IF17: 871547 | IG17: 854715 | IH17: 834037 | II17: 812439 | IJ17: 791158 | IK17: 769964 | IL17: 750367 | IM17: 735436 | IN17: 723117 | IO17: 712827 | IP17: 707313 | IQ17: 701547 | IR17: 692683 | IS17: 682487 | IT17: 668215 | IU17: 648008 | IV17: 626880 | IW17: 606192 | IX17: 585775 | IY17: 570974 | IZ17: 562420 | JA17: 556258 | JB17: 551798 | JC17: 549860 | JD17: 547820 | JE17: 542501 | JF17: 536338 | JG17: 529621 | JH17: 521263 | JI17: 511229 | JJ17: 499443 | JK17: 484356 | JL17: 465683 | JM17: 445517 | JN17: 423952 | JO17: 403064 | JP17: 383615 | JQ17: 364539 | JR17: 345338 | JS17: 326409 | JT17: 307433 | JU17: 288172 | JV17: 269486 | JW17: 251642 | JX17: 233862 | JY17: 216229 | JZ17: 198852 | KA17: 181105 | KB17: 163936 | KC17: 147900 | KD17: 133375 | KE17: 120752 | KF17: 109747 | KG17: 99277 | KH17: 88782 | KI17: 78376 | KJ17: 68188 | KK17: 58397 | KL17: 49438 | KM17: 41478 | KN17: 34317 | KO17: 28059 | KP17: 22629 | KQ17: 17949 | KR17: 13981 | KS17: 10704 | KT17: 7991 | KU17: 5746 | KV17: 4044 | KW17: 5399
A18: Total Nacional | B18: 2026 | C18: Total | D18: 53399171 | E18: 26174644 | F18: 27224527 | G18: 361692 | H18: 367778 | I18: 373403 | J18: 378184 | K18: 382832 | L18: 388123 | M18: 394931 | N18: 397171 | O18: 403294 | P18: 406887 | Q18: 411009 | R18: 415258 | S18: 418729 | T18: 422439 | U18: 426276 | V18: 430904 | W18: 435612 | X18: 440374 | Y18: 445339 | Z18: 450857 | AA18: 451533 | AB18: 451874 | AC18: 451309 | AD18: 451075 | AE18: 451535 | AF18: 453406 | AG18: 449874 | AH18: 446487 | AI18: 443378 | AJ18: 441337 | AK18: 439939 | AL18: 438178 | AM18: 433088 | AN18: 423685 | AO18: 412699 | AP18: 401645 | AQ18: 390442 | AR18: 379579 | AS18: 367787 | AT18: 359488 | AU18: 352045 | AV18: 346471 | AW18: 342599 | AX18: 338368 | AY18: 332927 | AZ18: 327732 | BA18: 319904 | BB18: 310425 | BC18: 298666 | BD18: 288851 | BE18: 277523 | BF18: 270335 | BG18: 265907 | BH18: 262693 | BI18: 260101 | BJ18: 258476 | BK18: 256475 | BL18: 254102 | BM18: 249471 | BN18: 246116 | BO18: 240532 | BP18: 235272 | BQ18: 228666 | BR18: 220766 | BS18: 211331 | BT18: 200804 | BU18: 189398 | BV18: 179130 | BW18: 168879 | BX18: 159623 | BY18: 149850 | BZ18: 141285 | CA18: 132359 | CB18: 123495 | CC18: 114770 | CD18: 106325 | CE18: 97805 | CF18: 89753 | CG18: 81754 | CH18: 73755 | CI18: 65768 | CJ18: 58661 | CK18: 52249 | CL18: 46800 | CM18: 41854 | CN18: 37122 | CO18: 32518 | CP18: 28138 | CQ18: 23913 | CR18: 19851 | CS18: 16270 | CT18: 13323 | CU18: 10807 | CV18: 8679 | CW18: 6789 | CX18: 5235 | CY18: 3951 | CZ18: 2955 | DA18: 2138 | DB18: 1498 | DC18: 1956 | DD18: 344120 | DE18: 349820 | DF18: 355095 | DG18: 359598 | DH18: 364005 | DI18: 369017 | DJ18: 375314 | DK18: 377348 | DL18: 382468 | DM18: 387846 | DN18: 391334 | DO18: 394937 | DP18: 399072 | DQ18: 403227 | DR18: 407508 | DS18: 411287 | DT18: 415437 | DU18: 420179 | DV18: 425709 | DW18: 431733 | DX18: 432780 | DY18: 433811 | DZ18: 435600 | EA18: 438206 | EB18: 441459 | EC18: 445156 | ED18: 447614 | EE18: 448993 | EF18: 449462 | EG18: 445852 | EH18: 443403 | EI18: 441319 | EJ18: 436840 | EK18: 429421 | EL18: 419747 | EM18: 409233 | EN18: 399172 | EO18: 388851 | EP18: 381063 | EQ18: 374430 | ER18: 369536 | ES18: 364787 | ET18: 363093 | EU18: 361475 | EV18: 357974 | EW18: 352883 | EX18: 346337 | EY18: 335531 | EZ18: 326086 | FA18: 315127 | FB18: 305951 | FC18: 298231 | FD18: 293942 | FE18: 290818 | FF18: 288737 | FG18: 288178 | FH18: 287861 | FI18: 284640 | FJ18: 282817 | FK18: 279141 | FL18: 276036 | FM18: 270926 | FN18: 265401 | FO18: 257871 | FP18: 248336 | FQ18: 238398 | FR18: 227978 | FS18: 217065 | FT18: 207580 | FU18: 197443 | FV18: 187720 | FW18: 177058 | FX18: 166714 | FY18: 156068 | FZ18: 145860 | GA18: 136222 | GB18: 126781 | GC18: 117042 | GD18: 107568 | GE18: 97825 | GF18: 88694 | GG18: 79897 | GH18: 71880 | GI18: 64783 | GJ18: 58770 | GK18: 53185 | GL18: 47520 | GM18: 41832 | GN18: 36322 | GO18: 31138 | GP18: 26371 | GQ18: 21978 | GR18: 17971 | GS18: 14494 | GT18: 11591 | GU18: 9085 | GV18: 6999 | GW18: 5265 | GX18: 3875 | GY18: 2736 | GZ18: 3638 | HA18: 705812 | HB18: 717598 | HC18: 728498 | HD18: 737782 | HE18: 746837 | HF18: 757140 | HG18: 770245 | HH18: 774519 | HI18: 785762 | HJ18: 794733 | HK18: 802343 | HL18: 810195 | HM18: 817801 | HN18: 825666 | HO18: 833784 | HP18: 842191 | HQ18: 851049 | HR18: 860553 | HS18: 871048 | HT18: 882590 | HU18: 884313 | HV18: 885685 | HW18: 886909 | HX18: 889281 | HY18: 892994 | HZ18: 898562 | IA18: 897488 | IB18: 895480 | IC18: 892840 | ID18: 887189 | IE18: 883342 | IF18: 879497 | IG18: 869928 | IH18: 853106 | II18: 832446 | IJ18: 810878 | IK18: 789614 | IL18: 768430 | IM18: 748850 | IN18: 733918 | IO18: 721581 | IP18: 711258 | IQ18: 705692 | IR18: 699843 | IS18: 690901 | IT18: 680615 | IU18: 666241 | IV18: 645956 | IW18: 624752 | IX18: 603978 | IY18: 583474 | IZ18: 568566 | JA18: 559849 | JB18: 553511 | JC18: 548838 | JD18: 546654 | JE18: 544336 | JF18: 538742 | JG18: 532288 | JH18: 525257 | JI18: 516568 | JJ18: 506198 | JK18: 494067 | JL18: 478637 | JM18: 459667 | JN18: 439202 | JO18: 417376 | JP18: 396195 | JQ18: 376459 | JR18: 357066 | JS18: 337570 | JT18: 318343 | JU18: 299073 | JV18: 279563 | JW18: 260630 | JX18: 242547 | JY18: 224586 | JZ18: 206795 | KA18: 189322 | KB18: 171580 | KC18: 154462 | KD18: 138558 | KE18: 124129 | KF18: 111583 | KG18: 100624 | KH18: 90307 | KI18: 80038 | KJ18: 69970 | KK18: 60235 | KL18: 50989 | KM18: 42641 | KN18: 35301 | KO18: 28778 | KP18: 23173 | KQ18: 18380 | KR18: 14320 | KS18: 10950 | KT18: 8220 | KU18: 6013 | KV18: 4234 | KW18: 5594
A19: Total Nacional | B19: 2027 | C19: Total | D19: 53712233 | E19: 26333697 | F19: 27378536 | G19: 355501 | H19: 361449 | I19: 367664 | J19: 373324 | K19: 378123 | L19: 382781 | M19: 388068 | N19: 394863 | O19: 397107 | P19: 403223 | Q19: 406819 | R19: 410921 | S19: 415150 | T19: 418582 | U19: 422246 | V19: 426017 | W19: 430564 | X19: 435188 | Y19: 439852 | Z19: 444713 | AA19: 450115 | AB19: 450692 | AC19: 450937 | AD19: 450293 | AE19: 449990 | AF19: 450408 | AG19: 452202 | AH19: 448660 | AI19: 445278 | AJ19: 442188 | AK19: 440159 | AL19: 438772 | AM19: 437010 | AN19: 431927 | AO19: 422550 | AP19: 411593 | AQ19: 400565 | AR19: 389388 | AS19: 378534 | AT19: 366776 | AU19: 358473 | AV19: 351032 | AW19: 345438 | AX19: 341533 | AY19: 337267 | AZ19: 331781 | BA19: 326523 | BB19: 318648 | BC19: 309118 | BD19: 297311 | BE19: 287445 | BF19: 276064 | BG19: 268804 | BH19: 264277 | BI19: 260946 | BJ19: 258221 | BK19: 256441 | BL19: 254280 | BM19: 251735 | BN19: 246939 | BO19: 243386 | BP19: 237624 | BQ19: 232170 | BR19: 225366 | BS19: 217288 | BT19: 207692 | BU19: 197022 | BV19: 185492 | BW19: 175099 | BX19: 164720 | BY19: 155327 | BZ19: 145434 | CA19: 136735 | CB19: 127692 | CC19: 118737 | CD19: 109937 | CE19: 101436 | CF19: 92893 | CG19: 84841 | CH19: 76869 | CI19: 68947 | CJ19: 61116 | CK19: 54140 | CL19: 47879 | CM19: 42545 | CN19: 37722 | CO19: 33158 | CP19: 28756 | CQ19: 24624 | CR19: 20685 | CS19: 16969 | CT19: 13724 | CU19: 11074 | CV19: 8851 | CW19: 6994 | CX19: 5380 | CY19: 4075 | CZ19: 3015 | DA19: 2212 | DB19: 1570 | DC19: 2033 | DD19: 338228 | DE19: 343790 | DF19: 349621 | DG19: 354945 | DH19: 359460 | DI19: 363884 | DJ19: 368890 | DK19: 375176 | DL19: 377210 | DM19: 382336 | DN19: 387707 | DO19: 391193 | DP19: 394790 | DQ19: 398916 | DR19: 403068 | DS19: 407335 | DT19: 411108 | DU19: 415236 | DV19: 419941 | DW19: 425435 | DX19: 431381 | DY19: 432365 | DZ19: 433341 | EA19: 435094 | EB19: 437652 | EC19: 440880 | ED19: 444550 | EE19: 446986 | EF19: 448346 | EG19: 448791 | EH19: 445179 | EI19: 442736 | EJ19: 440637 | EK19: 436151 | EL19: 428729 | EM19: 419051 | EN19: 408545 | EO19: 398478 | EP19: 388170 | EQ19: 380377 | ER19: 373738 | ES19: 368828 | ET19: 364069 | EU19: 362342 | EV19: 360689 | EW19: 357147 | EX19: 352018 | EY19: 345424 | EZ19: 334588 | FA19: 325106 | FB19: 314113 | FC19: 304891 | FD19: 297128 | FE19: 292771 | FF19: 289571 | FG19: 287395 | FH19: 286734 | FI19: 286281 | FJ19: 282941 | FK19: 280975 | FL19: 277158 | FM19: 273888 | FN19: 268619 | FO19: 262915 | FP19: 255222 | FQ19: 245522 | FR19: 235423 | FS19: 224848 | FT19: 213771 | FU19: 204106 | FV19: 193794 | FW19: 183883 | FX19: 173059 | FY19: 162543 | FZ19: 151740 | GA19: 141381 | GB19: 131587 | GC19: 121999 | GD19: 112158 | GE19: 102594 | GF19: 92810 | GG19: 83686 | GH19: 74905 | GI19: 66922 | GJ19: 59841 | GK19: 53889 | GL19: 48332 | GM19: 42758 | GN19: 37241 | GO19: 31959 | GP19: 27065 | GQ19: 22605 | GR19: 18567 | GS19: 14941 | GT19: 11850 | GU19: 9306 | GV19: 7153 | GW19: 5398 | GX19: 3976 | GY19: 2866 | GZ19: 3799 | HA19: 693729 | HB19: 705239 | HC19: 717285 | HD19: 728269 | HE19: 737583 | HF19: 746665 | HG19: 756958 | HH19: 770039 | HI19: 774317 | HJ19: 785559 | HK19: 794526 | HL19: 802114 | HM19: 809940 | HN19: 817498 | HO19: 825314 | HP19: 833352 | HQ19: 841672 | HR19: 850424 | HS19: 859793 | HT19: 870148 | HU19: 881496 | HV19: 883057 | HW19: 884278 | HX19: 885387 | HY19: 887642 | HZ19: 891288 | IA19: 896752 | IB19: 895646 | IC19: 893624 | ID19: 890979 | IE19: 885338 | IF19: 881508 | IG19: 877647 | IH19: 868078 | II19: 851279 | IJ19: 830644 | IK19: 809110 | IL19: 787866 | IM19: 766704 | IN19: 747153 | IO19: 732211 | IP19: 719860 | IQ19: 709507 | IR19: 703875 | IS19: 697956 | IT19: 688928 | IU19: 678541 | IV19: 664072 | IW19: 643706 | IX19: 622417 | IY19: 601558 | IZ19: 580955 | JA19: 565932 | JB19: 557048 | JC19: 550517 | JD19: 545616 | JE19: 543175 | JF19: 540561 | JG19: 534676 | JH19: 527914 | JI19: 520544 | JJ19: 511512 | JK19: 500789 | JL19: 488281 | JM19: 472510 | JN19: 453214 | JO19: 432445 | JP19: 410340 | JQ19: 388870 | JR19: 368826 | JS19: 349121 | JT19: 329317 | JU19: 309794 | JV19: 290235 | JW19: 270477 | JX19: 251318 | JY19: 233023 | JZ19: 214892 | KA19: 196999 | KB19: 179463 | KC19: 161757 | KD19: 144802 | KE19: 129045 | KF19: 114801 | KG19: 102386 | KH19: 91611 | KI19: 81490 | KJ19: 71514 | KK19: 61865 | KL19: 52644 | KM19: 44034 | KN19: 36329 | KO19: 29641 | KP19: 23792 | KQ19: 18844 | KR19: 14686 | KS19: 11228 | KT19: 8413 | KU19: 6188 | KV19: 4436 | KW19: 5832
A20: Total Nacional | B20: 2028 | C20: Total | D20: 54001502 | E20: 26480954 | F20: 27520548 | G20: 349082 | H20: 355199 | I20: 361277 | J20: 367536 | K20: 373207 | L20: 378022 | M20: 382678 | N20: 387967 | O20: 394748 | P20: 396998 | Q20: 403101 | R20: 406691 | S20: 410779 | T20: 414970 | U20: 418353 | V20: 421955 | W20: 425648 | X20: 430100 | Y20: 434620 | Z20: 439177 | AA20: 443935 | AB20: 449213 | AC20: 449693 | AD20: 449850 | AE20: 449138 | AF20: 448781 | AG20: 449177 | AH20: 450902 | AI20: 447370 | AJ20: 444006 | AK20: 440942 | AL20: 438931 | AM20: 437568 | AN20: 435800 | AO20: 430734 | AP20: 421374 | AQ20: 410453 | AR20: 399450 | AS20: 388294 | AT20: 377448 | AU20: 365713 | AV20: 357410 | AW20: 349957 | AX20: 344344 | AY20: 340407 | AZ20: 336092 | BA20: 330554 | BB20: 325243 | BC20: 317300 | BD20: 307714 | BE20: 295865 | BF20: 285928 | BG20: 274494 | BH20: 267157 | BI20: 262528 | BJ20: 259069 | BK20: 256202 | BL20: 254264 | BM20: 251932 | BN20: 249192 | BO20: 244230 | BP20: 240473 | BQ20: 234520 | BR20: 228862 | BS20: 221857 | BT20: 213590 | BU20: 203829 | BV20: 193014 | BW20: 181366 | BX20: 170836 | BY20: 160339 | BZ20: 150807 | CA20: 140805 | CB20: 131974 | CC20: 122837 | CD20: 113798 | CE20: 104941 | CF20: 96402 | CG20: 87867 | CH20: 79820 | CI20: 71917 | CJ20: 64121 | CK20: 56454 | CL20: 49656 | CM20: 43564 | CN20: 38389 | CO20: 33726 | CP20: 29356 | CQ20: 25192 | CR20: 21327 | CS20: 17701 | CT20: 14329 | CU20: 11420 | CV20: 9088 | CW20: 7143 | CX20: 5548 | CY20: 4192 | CZ20: 3116 | DA20: 2266 | DB20: 1626 | DC20: 2124 | DD20: 332112 | DE20: 337842 | DF20: 343545 | DG20: 349419 | DH20: 354755 | DI20: 359287 | DJ20: 363716 | DK20: 368716 | DL20: 374995 | DM20: 377036 | DN20: 382157 | DO20: 387527 | DP20: 391006 | DQ20: 394598 | DR20: 398719 | DS20: 402863 | DT20: 407114 | DU20: 410856 | DV20: 414943 | DW20: 419593 | DX20: 425025 | DY20: 430888 | DZ20: 431816 | EA20: 432748 | EB20: 434462 | EC20: 436983 | ED20: 440205 | EE20: 443857 | EF20: 446269 | EG20: 447621 | EH20: 448044 | EI20: 444446 | EJ20: 442001 | EK20: 439900 | EL20: 435405 | EM20: 427983 | EN20: 418301 | EO20: 407805 | EP20: 397738 | EQ20: 387435 | ER20: 379634 | ES20: 372993 | ET20: 368063 | EU20: 363294 | EV20: 361536 | EW20: 359837 | EX20: 356260 | EY20: 351086 | EZ20: 344441 | FA20: 333578 | FB20: 324048 | FC20: 313023 | FD20: 303755 | FE20: 295941 | FF20: 291510 | FG20: 288221 | FH20: 285949 | FI20: 285172 | FJ20: 284575 | FK20: 281111 | FL20: 278994 | FM20: 275015 | FN20: 271577 | FO20: 266124 | FP20: 260246 | FQ20: 252361 | FR20: 242493 | FS20: 232222 | FT20: 221469 | FU20: 210237 | FV20: 200371 | FW20: 189877 | FX20: 179771 | FY20: 168774 | FZ20: 158095 | GA20: 147132 | GB20: 136624 | GC20: 126680 | GD20: 116954 | GE20: 107020 | GF20: 97389 | GG20: 87622 | GH20: 78504 | GI20: 69780 | GJ20: 61864 | GK20: 54915 | GL20: 49014 | GM20: 43527 | GN20: 38100 | GO20: 32803 | GP20: 27806 | GQ20: 23225 | GR20: 19115 | GS20: 15460 | GT20: 12235 | GU20: 9526 | GV20: 7337 | GW20: 5525 | GX20: 4084 | GY20: 2943 | GZ20: 3980 | HA20: 681194 | HB20: 693041 | HC20: 704822 | HD20: 716955 | HE20: 727962 | HF20: 737309 | HG20: 746394 | HH20: 756683 | HI20: 769743 | HJ20: 774034 | HK20: 785258 | HL20: 794218 | HM20: 801785 | HN20: 809568 | HO20: 817072 | HP20: 824818 | HQ20: 832762 | HR20: 840956 | HS20: 849563 | HT20: 858770 | HU20: 868960 | HV20: 880101 | HW20: 881509 | HX20: 882598 | HY20: 883600 | HZ20: 885764 | IA20: 889382 | IB20: 894759 | IC20: 893639 | ID20: 891627 | IE20: 888986 | IF20: 883377 | IG20: 879569 | IH20: 875700 | II20: 866139 | IJ20: 849357 | IK20: 828754 | IL20: 807255 | IM20: 786032 | IN20: 764883 | IO20: 745347 | IP20: 730403 | IQ20: 718020 | IR20: 707638 | IS20: 701943 | IT20: 695929 | IU20: 686814 | IV20: 676329 | IW20: 661741 | IX20: 641292 | IY20: 619913 | IZ20: 598951 | JA20: 578249 | JB20: 563098 | JC20: 554038 | JD20: 547290 | JE20: 542151 | JF20: 539436 | JG20: 536507 | JH20: 530303 | JI20: 523224 | JJ20: 515488 | JK20: 506097 | JL20: 494986 | JM20: 482103 | JN20: 465951 | JO20: 446322 | JP20: 425236 | JQ20: 402835 | JR20: 381073 | JS20: 360710 | JT20: 340684 | JU20: 320576 | JV20: 300748 | JW20: 280932 | JX20: 260930 | JY20: 241565 | JZ20: 223082 | KA20: 204821 | KB20: 186840 | KC20: 169306 | KD20: 151743 | KE20: 134958 | KF20: 119436 | KG20: 105428 | KH20: 93304 | KI20: 82740 | KJ20: 72883 | KK20: 63292 | KL20: 54130 | KM20: 45507 | KN20: 37554 | KO20: 30535 | KP20: 24548 | KQ20: 19378 | KR20: 15074 | KS20: 11529 | KT20: 8641 | KU20: 6350 | KV20: 4569 | KW20: 6104
A21: Total Nacional | B21: 2029 | C21: Total | D21: 54269406 | E21: 26617643 | F21: 27651763 | G21: 342507 | H21: 348759 | I21: 355004 | J21: 361121 | K21: 367401 | L21: 373080 | M21: 377902 | N21: 382563 | O21: 387837 | P21: 394613 | Q21: 396861 | R21: 402948 | S21: 406524 | T21: 410585 | U21: 414723 | V21: 418049 | W21: 421568 | X21: 425166 | Y21: 429516 | Z21: 433926 | AA21: 438380 | AB21: 443035 | AC21: 448197 | AD21: 448592 | AE21: 448674 | AF21: 447911 | AG21: 447509 | AH21: 447891 | AI21: 449580 | AJ21: 446062 | AK21: 442721 | AL21: 439688 | AM21: 437700 | AN21: 436353 | AO21: 434600 | AP21: 429535 | AQ21: 420200 | AR21: 409299 | AS21: 398318 | AT21: 387176 | AU21: 376340 | AV21: 364618 | AW21: 356306 | AX21: 348840 | AY21: 343208 | AZ21: 339218 | BA21: 334854 | BB21: 329263 | BC21: 323878 | BD21: 315875 | BE21: 306218 | BF21: 294319 | BG21: 284311 | BH21: 272827 | BI21: 265396 | BJ21: 260651 | BK21: 257059 | BL21: 254047 | BM21: 251934 | BN21: 249414 | BO21: 246490 | BP21: 241339 | BQ21: 237365 | BR21: 231222 | BS21: 225344 | BT21: 218129 | BU21: 209671 | BV21: 199731 | BW21: 188774 | BX21: 177014 | BY21: 166348 | BZ21: 155735 | CA21: 146063 | CB21: 135967 | CC21: 127011 | CD21: 117792 | CE21: 108690 | CF21: 99797 | CG21: 91246 | CH21: 82735 | CI21: 74733 | CJ21: 66931 | CK21: 59281 | CL21: 51821 | CM21: 45225 | CN21: 39349 | CO21: 34359 | CP21: 29892 | CQ21: 25749 | CR21: 21850 | CS21: 18268 | CT21: 14965 | CU21: 11946 | CV21: 9379 | CW21: 7346 | CX21: 5675 | CY21: 4332 | CZ21: 3209 | DA21: 2341 | DB21: 1670 | DC21: 2209 | DD21: 325850 | DE21: 331710 | DF21: 337569 | DG21: 343316 | DH21: 349213 | DI21: 354562 | DJ21: 359100 | DK21: 363530 | DL21: 368529 | DM21: 374790 | DN21: 376838 | DO21: 381959 | DP21: 387318 | DQ21: 390796 | DR21: 394385 | DS21: 398499 | DT21: 402619 | DU21: 406833 | DV21: 410535 | DW21: 414554 | DX21: 419150 | DY21: 424524 | DZ21: 430299 | EA21: 431185 | EB21: 432088 | EC21: 433766 | ED21: 436268 | EE21: 439481 | EF21: 443116 | EG21: 445522 | EH21: 446869 | EI21: 447275 | EJ21: 443683 | EK21: 441244 | EL21: 439134 | EM21: 434640 | EN21: 427205 | EO21: 417529 | EP21: 407036 | EQ21: 396967 | ER21: 386665 | ES21: 378867 | ET21: 372210 | EU21: 367261 | EV21: 362476 | EW21: 360684 | EX21: 358944 | EY21: 355313 | EZ21: 350101 | FA21: 343397 | FB21: 332501 | FC21: 322930 | FD21: 311850 | FE21: 302539 | FF21: 294670 | FG21: 290163 | FH21: 286776 | FI21: 284399 | FJ21: 283486 | FK21: 282755 | FL21: 279143 | FM21: 276858 | FN21: 272720 | FO21: 269077 | FP21: 263451 | FQ21: 257361 | FR21: 249285 | FS21: 239237 | FT21: 228777 | FU21: 217839 | FV21: 206439 | FW21: 196369 | FX21: 185680 | FY21: 175375 | FZ21: 164204 | GA21: 153348 | GB21: 142240 | GC21: 131584 | GD21: 121498 | GE21: 111650 | GF21: 101649 | GG21: 91995 | GH21: 82246 | GI21: 73182 | GJ21: 64555 | GK21: 56815 | GL21: 49984 | GM21: 44179 | GN21: 38826 | GO21: 33597 | GP21: 28568 | GQ21: 23887 | GR21: 19661 | GS21: 15939 | GT21: 12671 | GU21: 9850 | GV21: 7520 | GW21: 5673 | GX21: 4189 | GY21: 3024 | GZ21: 4145 | HA21: 668357 | HB21: 680469 | HC21: 692573 | HD21: 704437 | HE21: 716614 | HF21: 727642 | HG21: 737002 | HH21: 746093 | HI21: 756366 | HJ21: 769403 | HK21: 773699 | HL21: 784907 | HM21: 793842 | HN21: 801381 | HO21: 809108 | HP21: 816548 | HQ21: 824187 | HR21: 831999 | HS21: 840051 | HT21: 848480 | HU21: 857530 | HV21: 867559 | HW21: 878496 | HX21: 879777 | HY21: 880762 | HZ21: 881677 | IA21: 883777 | IB21: 887372 | IC21: 892696 | ID21: 891584 | IE21: 889590 | IF21: 886963 | IG21: 881383 | IH21: 877597 | II21: 873734 | IJ21: 864175 | IK21: 847405 | IL21: 826828 | IM21: 805354 | IN21: 784143 | IO21: 763005 | IP21: 743485 | IQ21: 728516 | IR21: 716101 | IS21: 705684 | IT21: 699902 | IU21: 693798 | IV21: 684576 | IW21: 673979 | IX21: 659272 | IY21: 638719 | IZ21: 617249 | JA21: 596161 | JB21: 575366 | JC21: 560066 | JD21: 550814 | JE21: 543835 | JF21: 538446 | JG21: 535420 | JH21: 532169 | JI21: 525633 | JJ21: 518197 | JK21: 510085 | JL21: 500299 | JM21: 488795 | JN21: 475490 | JO21: 458956 | JP21: 438968 | JQ21: 417551 | JR21: 394853 | JS21: 372787 | JT21: 352104 | JU21: 331743 | JV21: 311342 | JW21: 291215 | JX21: 271140 | JY21: 250930 | JZ21: 231381 | KA21: 212744 | KB21: 194385 | KC21: 176382 | KD21: 158926 | KE21: 141527 | KF21: 125003 | KG21: 109780 | KH21: 96164 | KI21: 84343 | KJ21: 74071 | KK21: 64575 | KL21: 55447 | KM21: 46836 | KN21: 38852 | KO21: 31607 | KP21: 25318 | KQ21: 20017 | KR21: 15525 | KS21: 11852 | KT21: 8882 | KU21: 6530 | KV21: 4694 | KW21: 6354
... A62: Total Nacional | B62: 2070 | C62: Total | D62: 50592097 | E62: 25042622 | F62: 25549475 | G62: 154756 | H62: 157753 | I62: 160841 | J62: 163995 | K62: 167226 | L62: 170517 | M62: 173875 | N62: 177297 | O62: 180772 | P62: 184306 | Q62: 187898 | R62: 191532 | S62: 195220 | T62: 198950 | U62: 202717 | V62: 206523 | W62: 210361 | X62: 214224 | Y62: 218114 | Z62: 222023 | AA62: 225967 | AB62: 229943 | AC62: 233964 | AD62: 238034 | AE62: 242154 | AF62: 246345 | AG62: 250610 | AH62: 254962 | AI62: 259427 | AJ62: 264014 | AK62: 268735 | AL62: 273617 | AM62: 278646 | AN62: 283824 | AO62: 289140 | AP62: 294572 | AQ62: 300095 | AR62: 305677 | AS62: 311276 | AT62: 316861 | AU62: 322378 | AV62: 327784 | AW62: 333022 | AX62: 338058 | AY62: 342831 | AZ62: 347586 | BA62: 351647 | BB62: 354937 | BC62: 357963 | BD62: 361316 | BE62: 365650 | BF62: 366424 | BG62: 370393 | BH62: 372183 | BI62: 374159 | BJ62: 375987 | BK62: 377003 | BL62: 377999 | BM62: 378984 | BN62: 380377 | BO62: 381639 | BP62: 382728 | BQ62: 383734 | BR62: 384465 | BS62: 381138 | BT62: 377220 | BU62: 372375 | BV62: 367548 | BW62: 363190 | BX62: 359061 | BY62: 350781 | BZ62: 342295 | CA62: 333671 | CB62: 325216 | CC62: 316494 | CD62: 306688 | CE62: 293944 | CF62: 277952 | CG62: 260772 | CH62: 243416 | CI62: 225914 | CJ62: 208566 | CK62: 190956 | CL62: 175180 | CM62: 159966 | CN62: 145706 | CO62: 132259 | CP62: 118855 | CQ62: 105425 | CR62: 92567 | CS62: 79657 | CT62: 67344 | CU62: 55765 | CV62: 45760 | CW62: 36777 | CX62: 29479 | CY62: 23426 | CZ62: 18326 | DA62: 14071 | DB62: 10604 | DC62: 18248 | DD62: 147185 | DE62: 149995 | DF62: 152888 | DG62: 155854 | DH62: 158891 | DI62: 161989 | DJ62: 165153 | DK62: 168375 | DL62: 171655 | DM62: 174981 | DN62: 178366 | DO62: 181796 | DP62: 185271 | DQ62: 188794 | DR62: 192368 | DS62: 195986 | DT62: 199655 | DU62: 203366 | DV62: 207124 | DW62: 210922 | DX62: 214755 | DY62: 218630 | DZ62: 222551 | EA62: 226527 | EB62: 230561 | EC62: 234681 | ED62: 238876 | EE62: 243181 | EF62: 247598 | EG62: 252154 | EH62: 256852 | EI62: 261707 | EJ62: 266725 | EK62: 271897 | EL62: 277208 | EM62: 282650 | EN62: 288197 | EO62: 293815 | EP62: 299462 | EQ62: 305122 | ER62: 310733 | ES62: 316259 | ET62: 321639 | EU62: 326845 | EV62: 331824 | EW62: 336801 | EX62: 341139 | EY62: 344791 | EZ62: 348236 | FA62: 352012 | FB62: 356644 | FC62: 357935 | FD62: 361997 | FE62: 366039 | FF62: 368417 | FG62: 370788 | FH62: 373442 | FI62: 375985 | FJ62: 378424 | FK62: 380329 | FL62: 382387 | FM62: 384801 | FN62: 387727 | FO62: 390222 | FP62: 388466 | FQ62: 386491 | FR62: 384908 | FS62: 383759 | FT62: 383046 | FU62: 382273 | FV62: 379998 | FW62: 376370 | FX62: 371240 | FY62: 362520 | FZ62: 354080 | GA62: 345146 | GB62: 333640 | GC62: 319388 | GD62: 303059 | GE62: 285826 | GF62: 268544 | GG62: 250903 | GH62: 234524 | GI62: 218542 | GJ62: 203178 | GK62: 187753 | GL62: 173506 | GM62: 159004 | GN62: 143644 | GO62: 127875 | GP62: 112078 | GQ62: 95877 | GR62: 81208 | GS62: 67450 | GT62: 55426 | GU62: 44998 | GV62: 36207 | GW62: 28643 | GX62: 22238 | GY62: 16952 | GZ62: 31536 | HA62: 301941 | HB62: 307748 | HC62: 313729 | HD62: 319849 | HE62: 326117 | HF62: 332506 | HG62: 339028 | HH62: 345672 | HI62: 352427 | HJ62: 359287 | HK62: 366264 | HL62: 373328 | HM62: 380491 | HN62: 387744 | HO62: 395085 | HP62: 402509 | HQ62: 410016 | HR62: 417590 | HS62: 425238 | HT62: 432945 | HU62: 440722 | HV62: 448573 | HW62: 456515 | HX62: 464561 | HY62: 472715 | HZ62: 481026 | IA62: 489486 | IB62: 498143 | IC62: 507025 | ID62: 516168 | IE62: 525587 | IF62: 535324 | IG62: 545371 | IH62: 555721 | II62: 566348 | IJ62: 577222 | IK62: 588292 | IL62: 599492 | IM62: 610738 | IN62: 621983 | IO62: 633111 | IP62: 644043 | IQ62: 654661 | IR62: 664903 | IS62: 674655 | IT62: 684387 | IU62: 692786 | IV62: 699728 | IW62: 706199 | IX62: 713328 | IY62: 722294 | IZ62: 724359 | JA62: 732390 | JB62: 738222 | JC62: 742576 | JD62: 746775 | JE62: 750445 | JF62: 753984 | JG62: 757408 | JH62: 760706 | JI62: 764026 | JJ62: 767529 | JK62: 771461 | JL62: 774687 | JM62: 769604 | JN62: 763711 | JO62: 757283 | JP62: 751307 | JQ62: 746236 | JR62: 741334 | JS62: 730779 | JT62: 718665 | JU62: 704911 | JV62: 687736 | JW62: 670574 | JX62: 651834 | JY62: 627584 | JZ62: 597340 | KA62: 563831 | KB62: 529242 | KC62: 494458 | KD62: 459469 | KE62: 425480 | KF62: 393722 | KG62: 363144 | KH62: 333459 | KI62: 305765 | KJ62: 277859 | KK62: 249069 | KL62: 220442 | KM62: 191735 | KN62: 163221 | KO62: 136973 | KP62: 113210 | KQ62: 92203 | KR62: 74477 | KS62: 59633 | KT62: 46969 | KU62: 36309 | KV62: 27556 | KW62: 49784
A67: Fuente: DANE, Proyecciones de población - Dirección técnica de Censos y Demografía (DCD)
A68: Nota: Desde el 1 de diciembre de 2019 comenzó a regir la Ordenanza 248 de 2019 de la Asamblea Departamental de Guainía que crea el municipio de Barrancominas, conformado por las áreas no municipalizadas de Barrancominas y Mapiripana.
A69: Nota: A partir del decreto 0284 del 26 de diciembre de 2023 y de la Ordenanza No. 180 del 27 de junio de 2023, por la cual se crea el municipio de Nuevo Belén de Bajirá, segregado del municipio de Riosucio, el Departamento Administrativo Nacional de Estadística -DANE- ha incorporado el nuevo municipio a la DIVIPOLA; una vez el Instituto Geográfico Agustín Codazzi – IGAC culmine el proceso de deslinde respectivo y elabore la cartografía oficial con esta nueva entidad territorial, el DANE procederá con la actualización del Marco Geoestadístico Nacional y las actualizaciones cartográficas a que haya lugar, con el propósito de ajustar la certificación de población indígena en los resguardos del municipio en mención.
A70: Actualizado el 18 de Julio de 2025

Sheet MigxSexoEdad
A2: PROYECCIONES DE POBLACIÓN POR ÁREA, SEGÚN SEXO Y EDAD SIMPLE. AÑOS 2018 A 2070
A3: TERRITORIO | B3: AÑO | C3: ÁREA GEOGRÁFICA | D3: TOTAL | G3: HOMBRES | DD3: MUJERES | HA3: TOTAL (AMBOS SEXOS)
D4: Total | E4: Hombres | F4: Mujeres | G4: Hombres 0 años | H4: Hombres 1 año | I4: Hombres 2 años | J4: Hombres 3 años | K4: Hombres 4 años | L4: Hombres 5 años | M4: Hombres 6 años | N4: Hombres 7 años | O4: Hombres 8 años | P4: Hombres 9 años | Q4: Hombres 10 años | R4: Hombres 11 años | S4: Hombres 12 años | T4: Hombres 13 años | U4: Hombres 14 años | V4: Hombres 15 años | W4: Hombres 16 años | X4: Hombres 17 años | Y4: Hombres 18 años | Z4: Hombres 19 años | AA4: Hombres 20 años | AB4: Hombres 21 años | AC4: Hombres 22 años | AD4: Hombres 23 años | AE4: Hombres 24 años | AF4: Hombres 25 años | AG4: Hombres 26 años | AH4: Hombres 27 años | AI4: Hombres 28 años | AJ4: Hombres 29 años | AK4: Hombres 30 años | AL4: Hombres 31 años | AM4: Hombres 32 años | AN4: Hombres 33 años | AO4: Hombres 34 años | AP4: Hombres 35 años | AQ4: Hombres 36 años | AR4: Hombres 37 años | AS4: Hombres 38 años | AT4: Hombres 39 años | AU4: Hombres 40 años | AV4: Hombres 41 años | AW4: Hombres 42 años | AX4: Hombres 43 años | AY4: Hombres 44 años | AZ4: Hombres 45 años | BA4: Hombres 46 años | BB4: Hombres 47 años | BC4: Hombres 48 años | BD4: Hombres 49 años | BE4: Hombres 50 años | BF4: Hombres 51 años | BG4: Hombres 52 años | BH4: Hombres 53 años | BI4: Hombres 54 años | BJ4: Hombres 55 años | BK4: Hombres 56 años | BL4: Hombres 57 años | BM4: Hombres 58 años | BN4: Hombres 59 años | BO4: Hombres 60 años | BP4: Hombres 61 años | BQ4: Hombres 62 años | BR4: Hombres 63 años | BS4: Hombres 64 años | BT4: Hombres 65 años | BU4: Hombres 66 años | BV4: Hombres 67 años | BW4: Hombres 68 años | BX4: Hombres 69 años | BY4: Hombres 70 años | BZ4: Hombres 71 años | CA4: Hombres 72 años | CB4: Hombres 73 años | CC4: Hombres 74 años | CD4: Hombres 75 años | CE4: Hombres 76 años | CF4: Hombres 77 años | CG4: Hombres 78 años | CH4: Hombres 79 años | CI4: Hombres 80 años | CJ4: Hombres 81 años | CK4: Hombres 82 años | CL4: Hombres 83 años | CM4: Hombres 84 años | CN4: Hombres 85 años | CO4: Hombres 86 años | CP4: Hombres 87 años | CQ4: Hombres 88 años | CR4: Hombres 89 años | CS4: Hombres 90 años | CT4: Hombres 91 años | CU4: Hombres 92 años | CV4: Hombres 93 años | CW4: Hombres 94 años | CX4: Hombres 95 años | CY4: Hombres 96 años | CZ4: Hombres 97 años | DA4: Hombres 98 años | DB4: Hombres 99 años | DC4: Hombres 100 años y más | DD4: Mujeres 0 años | DE4: Mujeres 1 año | DF4: Mujeres 2 años | DG4: Mujeres 3 años | DH4: Mujeres 4 años | DI4: Mujeres 5 años | DJ4: Mujeres 6 años | DK4: Mujeres 7 años | DL4: Mujeres 8 años | DM4: Mujeres 9 años | DN4: Mujeres 10 años | DO4: Mujeres 11 años | DP4: Mujeres 12 años | DQ4: Mujeres 13 años | DR4: Mujeres 14 años | DS4: Mujeres 15 años | DT4: Mujeres 16 años | DU4: Mujeres 17 años | DV4: Mujeres 18 años | DW4: Mujeres 19 años | DX4: Mujeres 20 años | DY4: Mujeres 21 años | DZ4: Mujeres 22 años | EA4: Mujeres 23 años | EB4: Mujeres 24 años | EC4: Mujeres 25 años | ED4: Mujeres 26 años | EE4: Mujeres 27 años | EF4: Mujeres 28 años | EG4: Mujeres 29 años | EH4: Mujeres 30 años | EI4: Mujeres 31 años | EJ4: Mujeres 32 años | EK4: Mujeres 33 años | EL4: Mujeres 34 años | EM4: Mujeres 35 años | EN4: Mujeres 36 años | EO4: Mujeres 37 años | EP4: Mujeres 38 años | EQ4: Mujeres 39 años | ER4: Mujeres 40 años | ES4: Mujeres 41 años | ET4: Mujeres 42 años | EU4: Mujeres 43 años | EV4: Mujeres 44 años | EW4: Mujeres 45 años | EX4: Mujeres 46 años | EY4: Mujeres 47 años | EZ4: Mujeres 48 años | FA4: Mujeres 49 años | FB4: Mujeres 50 años | FC4: Mujeres 51 años | FD4: Mujeres 52 años | FE4: Mujeres 53 años | FF4: Mujeres 54 años | FG4: Mujeres 55 años | FH4: Mujeres 56 años | FI4: Mujeres 57 años | FJ4: Mujeres 58 años | FK4: Mujeres 59 años | FL4: Mujeres 60 años | FM4: Mujeres 61 años | FN4: Mujeres 62 años | FO4: Mujeres 63 años | FP4: Mujeres 64 años | FQ4: Mujeres 65 años | FR4: Mujeres 66 años | FS4: Mujeres 67 años | FT4: Mujeres 68 años | FU4: Mujeres 69 años | FV4: Mujeres 70 años | FW4: Mujeres 71 años | FX4: Mujeres 72 años | FY4: Mujeres 73 años | FZ4: Mujeres 74 años | GA4: Mujeres 75 años | GB4: Mujeres 76 años | GC4: Mujeres 77 años | GD4: Mujeres 78 años | GE4: Mujeres 79 años | GF4: Mujeres 80 años | GG4: Mujeres 81 años | GH4: Mujeres 82 años | GI4: Mujeres 83 años | GJ4: Mujeres 84 años | GK4: Mujeres 85 años | GL4: Mujeres 86 años | GM4: Mujeres 87 años | GN4: Mujeres 88 años | GO4: Mujeres 89 años | GP4: Mujeres 90 años | GQ4: Mujeres 91 años | GR4: Mujeres 92 años | GS4: Mujeres 93 años | GT4: Mujeres 94 años | GU4: Mujeres 95 años | GV4: Mujeres 96 años | GW4: Mujeres 97 años | GX4: Mujeres 98 años | GY4: Mujeres 99 años | GZ4: Mujeres 100 años y más | HA4: Total 0 años | HB4: Total 1 año | HC4: Total 2 años | HD4: Total 3 años | HE4: Total 4 años | HF4: Total 5 años | HG4: Total 6 años | HH4: Total 7 años | HI4: Total 8 años | HJ4: Total 9 años | HK4: Total 10 años | HL4: Total 11 años | HM4: Total 12 años | HN4: Total 13 años | HO4: Total 14 años | HP4: Total 15 años | HQ4: Total 16 años | HR4: Total 17 años | HS4: Total 18 años | HT4: Total 19 años | HU4: Total 20 años | HV4: Total 21 años | HW4: Total 22 años | HX4: Total 23 años | HY4: Total 24 años | HZ4: Total 25 años | IA4: Total 26 años | IB4: Total 27 años | IC4: Total 28 años | ID4: Total 29 años | IE4: Total 30 años | IF4: Total 31 años | IG4: Total 32 años | IH4: Total 33 años | II4: Total 34 años | IJ4: Total 35 años | IK4: Total 36 años | IL4: Total 37 años | IM4: Total 38 años | IN4: Total 39 años | IO4: Total 40 años | IP4: Total 41 años | IQ4: Total 42 años | IR4: Total 43 años | IS4: Total 44 años | IT4: Total 45 años | IU4: Total 46 años | IV4: Total 47 años | IW4: Total 48 años | IX4: Total 49 años | IY4: Total 50 años | IZ4: Total 51 años | JA4: Total 52 años | JB4: Total 53 años | JC4: Total 54 años | JD4: Total 55 años | JE4: Total 56 años | JF4: Total 57 años | JG4: Total 58 años | JH4: Total 59 años | JI4: Total 60 años | JJ4: Total 61 años | JK4: Total 62 años | JL4: Total 63 años | JM4: Total 64 años | JN4: Total 65 años | JO4: Total 66 años | JP4: Total 67 años | JQ4: Total 68 años | JR4: Total 69 años | JS4: Total 70 años | JT4: Total 71 años | JU4: Total 72 años | JV4: Total 73 años | JW4: Total 74 años | JX4: Total 75 años | JY4: Total 76 años | JZ4: Total 77 años | KA4: Total 78 años | KB4: Total 79 años | KC4: Total 80 años | KD4: Total 81 años | KE4: Total 82 años | KF4: Total 83 años | KG4: Total 84 años | KH4: Total 85 años | KI4: Total 86 años | KJ4: Total 87 años | KK4: Total 88 años | KL4: Total 89 años | KM4: Total 90 años | KN4: Total 91 años | KO4: Total 92 años | KP4: Total 93 años | KQ4: Total 94 años | KR4: Total 95 años | KS4: Total 96 años | KT4: Total 97 años | KU4: Total 98 años | KV4: Total 99 años | KW4: Total 100 años y más
A5: Total Nacional | B5: 2018 | C5: Total
A6: Total Nacional | B6: 2019 | C6: Total
A7: Total Nacional | B7: 2020 | C7: Total
A8: Total Nacional | B8: 2021 | C8: Total
A9: Total Nacional | B9: 2022 | C9: Total
A10: Total Nacional | B10: 2023 | C10: Total
A11: Total Nacional | B11: 2024 | C11: Total
A12: Total Nacional | B12: 2025 | C12: Total
A13: Total Nacional | B13: 2026 | C13: Total
A14: Total Nacional | B14: 2027 | C14: Total
A15: Total Nacional | B15: 2028 | C15: Total | H15: =(373164/(373164+318057))*Serie_Migracion!$B12 -> -7558.069 | I15: =(373164/(373164+318057))*Serie_Migracion!$B12 -> -7558.069 | J15: =(373164/(373164+318057))*Serie_Migracion!$B12 -> -7558.069 | K15: =(373164/(373164+318057))*Serie_Migracion!$B12 -> -7558.069 | L15: =(373164/(373164+318057))*Serie_Migracion!$B12 -> -7558.069 | M15: =(373164/(373164+318057))*Serie_Migracion!$B12 -> -7558.069 | N15: =(373164/(373164+318057))*Serie_Migracion!$B12 -> -7558.069 | O15: =(373164/(373164+318057))*Serie_Migracion!$B12 -> -7558.069 | ... DC15: =(373164/(373164+318057))*Serie_Migracion!$B12 -> -7558.069 | DD15: =(318057/(373164+318057))*Serie_Migracion!$B12 -> -6441.931 | DE15: =(318057/(373164+318057))*Serie_Migracion!$B12 -> -6441.931 | DF15: =(318057/(373164+318057))*Serie_Migracion!$B12 -> -6441.931 | DG15: =(318057/(373164+318057))*Serie_Migracion!$B12 -> -6441.931 | DH15: =(318057/(373164+318057))*Serie_Migracion!$B12 -> -6441.931 | DI15: =(318057/(373164+318057))*Serie_Migracion!$B12 -> -6441.931 | DJ15: =(318057/(373164+318057))*Serie_Migracion!$B12 -> -6441.931 | DK15: =(318057/(373164+318057))*Serie_Migracion!$B12 -> -6441.931 | ... GZ15: =(318057/(373164+318057))*Serie_Migracion!$B12 -> -6441.931
A16: Total Nacional | B16: 2029 | C16: Total | H16: =(373164/(373164+318057))*Serie_Migracion!$B13 -> -7828 | I16: =(373164/(373164+318057))*Serie_Migracion!$B13 -> -7828 | J16: =(373164/(373164+318057))*Serie_Migracion!$B13 -> -7828 | K16: =(373164/(373164+318057))*Serie_Migracion!$B13 -> -7828 | L16: =(373164/(373164+318057))*Serie_Migracion!$B13 -> -7828 | M16: =(373164/(373164+318057))*Serie_Migracion!$B13 -> -7828 | N16: =(373164/(373164+318057))*Serie_Migracion!$B13 -> -7828 | O16: =(373164/(373164+318057))*Serie_Migracion!$B13 -> -7828 | ... DC16: =(373164/(373164+318057))*Serie_Migracion!$B13 -> -7828 | DD16: =(318057/(373164+318057))*Serie_Migracion!$B13 -> -6672 | DE16: =(318057/(373164+318057))*Serie_Migracion!$B13 -> -6672 | DF16: =(318057/(373164+318057))*Serie_Migracion!$B13 -> -6672 | DG16: =(318057/(373164+318057))*Serie_Migracion!$B13 -> -6672 | DH16: =(318057/(373164+318057))*Serie_Migracion!$B13 -> -6672 | DI16: =(318057/(373164+318057))*Serie_Migracion!$B13 -> -6672 | DJ16: =(318057/(373164+318057))*Serie_Migracion!$B13 -> -6672 | DK16: =(318057/(373164+318057))*Serie_Migracion!$B13 -> -6672 | ... GZ16: =(318057/(373164+318057))*Serie_Migracion!$B13 -> -6672
A17: Total Nacional | B17: 2030 | C17: Total | H17: =(373164/(373164+318057))*Serie_Migracion!$B14 -> -7828 | I17: =(373164/(373164+318057))*Serie_Migracion!$B14 -> -7828 | J17: =(373164/(373164+318057))*Serie_Migracion!$B14 -> -7828 | K17: =(373164/(373164+318057))*Serie_Migracion!$B14 -> -7828 | L17: =(373164/(373164+318057))*Serie_Migracion!$B14 -> -7828 | M17: =(373164/(373164+318057))*Serie_Migracion!$B14 -> -7828 | N17: =(373164/(373164+318057))*Serie_Migracion!$B14 -> -7828 | O17: =(373164/(373164+318057))*Serie_Migracion!$B14 -> -7828 | ... DC17: =(373164/(373164+318057))*Serie_Migracion!$B14 -> -7828 | DD17: =(318057/(373164+318057))*Serie_Migracion!$B14 -> -6672 | DE17: =(318057/(373164+318057))*Serie_Migracion!$B14 -> -6672 | DF17: =(318057/(373164+318057))*Serie_Migracion!$B14 -> -6672 | DG17: =(318057/(373164+318057))*Serie_Migracion!$B14 -> -6672 | DH17: =(318057/(373164+318057))*Serie_Migracion!$B14 -> -6672 | DI17: =(318057/(373164+318057))*Serie_Migracion!$B14 -> -6672 | DJ17: =(318057/(373164+318057))*Serie_Migracion!$B14 -> -6672 | DK17: =(318057/(373164+318057))*Serie_Migracion!$B14 -> -6672 | ... GZ17: =(318057/(373164+318057))*Serie_Migracion!$B14 -> -6672
A18: Total Nacional | B18: 2031 | C18: Total | H18: =(373164/(373164+318057))*Serie_Migracion!$B15 -> -7720.0276 | I18: =(373164/(373164+318057))*Serie_Migracion!$B15 -> -7720.0276 | J18: =(373164/(373164+318057))*Serie_Migracion!$B15 -> -7720.0276 | K18: =(373164/(373164+318057))*Serie_Migracion!$B15 -> -7720.0276 | L18: =(373164/(373164+318057))*Serie_Migracion!$B15 -> -7720.0276 | M18: =(373164/(373164+318057))*Serie_Migracion!$B15 -> -7720.0276 | N18: =(373164/(373164+318057))*Serie_Migracion!$B15 -> -7720.0276 | O18: =(373164/(373164+318057))*Serie_Migracion!$B15 -> -7720.0276 | ... DC18: =(373164/(373164+318057))*Serie_Migracion!$B15 -> -7720.0276 | DD18: =(318057/(373164+318057))*Serie_Migracion!$B15 -> -6579.9724 | DE18: =(318057/(373164+318057))*Serie_Migracion!$B15 -> -6579.9724 | DF18: =(318057/(373164+318057))*Serie_Migracion!$B15 -> -6579.9724 | DG18: =(318057/(373164+318057))*Serie_Migracion!$B15 -> -6579.9724 | DH18: =(318057/(373164+318057))*Serie_Migracion!$B15 -> -6579.9724 | DI18: =(318057/(373164+318057))*Serie_Migracion!$B15 -> -6579.9724 | DJ18: =(318057/(373164+318057))*Serie_Migracion!$B15 -> -6579.9724 | DK18: =(318057/(373164+318057))*Serie_Migracion!$B15 -> -6579.9724 | ... GZ18: =(318057/(373164+318057))*Serie_Migracion!$B15 -> -6579.9724
A19: Total Nacional | B19: 2032 | C19: Total | H19: =(373164/(373164+318057))*Serie_Migracion!$B16 -> -7612.0552 | I19: =(373164/(373164+318057))*Serie_Migracion!$B16 -> -7612.0552 | J19: =(373164/(373164+318057))*Serie_Migracion!$B16 -> -7612.0552 | K19: =(373164/(373164+318057))*Serie_Migracion!$B16 -> -7612.0552 | L19: =(373164/(373164+318057))*Serie_Migracion!$B16 -> -7612.0552 | M19: =(373164/(373164+318057))*Serie_Migracion!$B16 -> -7612.0552 | N19: =(373164/(373164+318057))*Serie_Migracion!$B16 -> -7612.0552 | O19: =(373164/(373164+318057))*Serie_Migracion!$B16 -> -7612.0552 | ... DC19: =(373164/(373164+318057))*Serie_Migracion!$B16 -> -7612.0552 | DD19: =(318057/(373164+318057))*Serie_Migracion!$B16 -> -6487.9448 | DE19: =(318057/(373164+318057))*Serie_Migracion!$B16 -> -6487.9448 | DF19: =(318057/(373164+318057))*Serie_Migracion!$B16 -> -6487.9448 | DG19: =(318057/(373164+318057))*Serie_Migracion!$B16 -> -6487.9448 | DH19: =(318057/(373164+318057))*Serie_Migracion!$B16 -> -6487.9448 | DI19: =(318057/(373164+318057))*Serie_Migracion!$B16 -> -6487.9448 | DJ19: =(318057/(373164+318057))*Serie_Migracion!$B16 -> -6487.9448 | DK19: =(318057/(373164+318057))*Serie_Migracion!$B16 -> -6487.9448 | ... GZ19: =(318057/(373164+318057))*Serie_Migracion!$B16 -> -6487.9448
A20: Total Nacional | B20: 2033 | C20: Total | H20: =(373164/(373164+318057))*Serie_Migracion!$B17 -> -7504.0828 | I20: =(373164/(373164+318057))*Serie_Migracion!$B17 -> -7504.0828 | J20: =(373164/(373164+318057))*Serie_Migracion!$B17 -> -7504.0828 | K20: =(373164/(373164+318057))*Serie_Migracion!$B17 -> -7504.0828 | L20: =(373164/(373164+318057))*Serie_Migracion!$B17 -> -7504.0828 | M20: =(373164/(373164+318057))*Serie_Migracion!$B17 -> -7504.0828 | N20: =(373164/(373164+318057))*Serie_Migracion!$B17 -> -7504.0828 | O20: =(373164/(373164+318057))*Serie_Migracion!$B17 -> -7504.0828 | ... DC20: =(373164/(373164+318057))*Serie_Migracion!$B17 -> -7504.0828 | DD20: =(318057/(373164+318057))*Serie_Migracion!$B17 -> -6395.9172 | DE20: =(318057/(373164+318057))*Serie_Migracion!$B17 -> -6395.9172 | DF20: =(318057/(373164+318057))*Serie_Migracion!$B17 -> -6395.9172 | DG20: =(318057/(373164+318057))*Serie_Migracion!$B17 -> -6395.9172 | DH20: =(318057/(373164+318057))*Serie_Migracion!$B17 -> -6395.9172 | DI20: =(318057/(373164+318057))*Serie_Migracion!$B17 -> -6395.9172 | DJ20: =(318057/(373164+318057))*Serie_Migracion!$B17 -> -6395.9172 | DK20: =(318057/(373164+318057))*Serie_Migracion!$B17 -> -6395.9172 | ... GZ20: =(318057/(373164+318057))*Serie_Migracion!$B17 -> -6395.9172
A21: Total Nacional | B21: 2034 | C21: Total | H21: =(373164/(373164+318057))*Serie_Migracion!$B18 -> -7342.1242 | I21: =(373164/(373164+318057))*Serie_Migracion!$B18 -> -7342.1242 | J21: =(373164/(373164+318057))*Serie_Migracion!$B18 -> -7342.1242 | K21: =(373164/(373164+318057))*Serie_Migracion!$B18 -> -7342.1242 | L21: =(373164/(373164+318057))*Serie_Migracion!$B18 -> -7342.1242 | M21: =(373164/(373164+318057))*Serie_Migracion!$B18 -> -7342.1242 | N21: =(373164/(373164+318057))*Serie_Migracion!$B18 -> -7342.1242 | O21: =(373164/(373164+318057))*Serie_Migracion!$B18 -> -7342.1242 | ... DC21: =(373164/(373164+318057))*Serie_Migracion!$B18 -> -7342.1242 | DD21: =(318057/(373164+318057))*Serie_Migracion!$B18 -> -6257.8758 | DE21: =(318057/(373164+318057))*Serie_Migracion!$B18 -> -6257.8758 | DF21: =(318057/(373164+318057))*Serie_Migracion!$B18 -> -6257.8758 | DG21: =(318057/(373164+318057))*Serie_Migracion!$B18 -> -6257.8758 | DH21: =(318057/(373164+318057))*Serie_Migracion!$B18 -> -6257.8758 | DI21: =(318057/(373164+318057))*Serie_Migracion!$B18 -> -6257.8758 | DJ21: =(318057/(373164+318057))*Serie_Migracion!$B18 -> -6257.8758 | DK21: =(318057/(373164+318057))*Serie_Migracion!$B18 -> -6257.8758 | ... GZ21: =(318057/(373164+318057))*Serie_Migracion!$B18 -> -6257.8758
A22: Total Nacional | B22: 2035 | C22: Total | H22: =(373164/(373164+318057))*Serie_Migracion!$B19 -> -7180.1655 | I22: =(373164/(373164+318057))*Serie_Migracion!$B19 -> -7180.1655 | J22: =(373164/(373164+318057))*Serie_Migracion!$B19 -> -7180.1655 | K22: =(373164/(373164+318057))*Serie_Migracion!$B19 -> -7180.1655 | L22: =(373164/(373164+318057))*Serie_Migracion!$B19 -> -7180.1655 | M22: =(373164/(373164+318057))*Serie_Migracion!$B19 -> -7180.1655 | N22: =(373164/(373164+318057))*Serie_Migracion!$B19 -> -7180.1655 | O22: =(373164/(373164+318057))*Serie_Migracion!$B19 -> -7180.1655 | ... DC22: =(373164/(373164+318057))*Serie_Migracion!$B19 -> -7180.1655 | DD22: =(318057/(373164+318057))*Serie_Migracion!$B19 -> -6119.8345 | DE22: =(318057/(373164+318057))*Serie_Migracion!$B19 -> -6119.8345 | DF22: =(318057/(373164+318057))*Serie_Migracion!$B19 -> -6119.8345 | DG22: =(318057/(373164+318057))*Serie_Migracion!$B19 -> -6119.8345 | DH22: =(318057/(373164+318057))*Serie_Migracion!$B19 -> -6119.8345 | DI22: =(318057/(373164+318057))*Serie_Migracion!$B19 -> -6119.8345 | DJ22: =(318057/(373164+318057))*Serie_Migracion!$B19 -> -6119.8345 | DK22: =(318057/(373164+318057))*Serie_Migracion!$B19 -> -6119.8345 | ... GZ22: =(318057/(373164+318057))*Serie_Migracion!$B19 -> -6119.8345
A23: Total Nacional | B23: 2036 | C23: Total | H23: =(373164/(373164+318057))*Serie_Migracion!$B20 -> -7018.2069 | I23: =(373164/(373164+318057))*Serie_Migracion!$B20 -> -7018.2069 | J23: =(373164/(373164+318057))*Serie_Migracion!$B20 -> -7018.2069 | K23: =(373164/(373164+318057))*Serie_Migracion!$B20 -> -7018.2069 | L23: =(373164/(373164+318057))*Serie_Migracion!$B20 -> -7018.2069 | M23: =(373164/(373164+318057))*Serie_Migracion!$B20 -> -7018.2069 | N23: =(373164/(373164+318057))*Serie_Migracion!$B20 -> -7018.2069 | O23: =(373164/(373164+318057))*Serie_Migracion!$B20 -> -7018.2069 | ... DC23: =(373164/(373164+318057))*Serie_Migracion!$B20 -> -7018.2069 | DD23: =(318057/(373164+318057))*Serie_Migracion!$B20 -> -5981.7931 | DE23: =(318057/(373164+318057))*Serie_Migracion!$B20 -> -5981.7931 | DF23: =(318057/(373164+318057))*Serie_Migracion!$B20 -> -5981.7931 | DG23: =(318057/(373164+318057))*Serie_Migracion!$B20 -> -5981.7931 | DH23: =(318057/(373164+318057))*Serie_Migracion!$B20 -> -5981.7931 | DI23: =(318057/(373164+318057))*Serie_Migracion!$B20 -> -5981.7931 | DJ23: =(318057/(373164+318057))*Serie_Migracion!$B20 -> -5981.7931 | DK23: =(318057/(373164+318057))*Serie_Migracion!$B20 -> -5981.7931 | ... GZ23: =(318057/(373164+318057))*Serie_Migracion!$B20 -> -5981.7931
A24: Total Nacional | B24: 2037 | C24: Total | H24: =(373164/(373164+318057))*Serie_Migracion!$B21 -> -6856.2483 | I24: =(373164/(373164+318057))*Serie_Migracion!$B21 -> -6856.2483 | J24: =(373164/(373164+318057))*Serie_Migracion!$B21 -> -6856.2483 | K24: =(373164/(373164+318057))*Serie_Migracion!$B21 -> -6856.2483 | L24: =(373164/(373164+318057))*Serie_Migracion!$B21 -> -6856.2483 | M24: =(373164/(373164+318057))*Serie_Migracion!$B21 -> -6856.2483 | N24: =(373164/(373164+318057))*Serie_Migracion!$B21 -> -6856.2483 | O24: =(373164/(373164+318057))*Serie_Migracion!$B21 -> -6856.2483 | ... DC24: =(373164/(373164+318057))*Serie_Migracion!$B21 -> -6856.2483 | DD24: =(318057/(373164+318057))*Serie_Migracion!$B21 -> -5843.7517 | DE24: =(318057/(373164+318057))*Serie_Migracion!$B21 -> -5843.7517 | DF24: =(318057/(373164+318057))*Serie_Migracion!$B21 -> -5843.7517 | DG24: =(318057/(373164+318057))*Serie_Migracion!$B21 -> -5843.7517 | DH24: =(318057/(373164+318057))*Serie_Migracion!$B21 -> -5843.7517 | DI24: =(318057/(373164+318057))*Serie_Migracion!$B21 -> -5843.7517 | DJ24: =(318057/(373164+318057))*Serie_Migracion!$B21 -> -5843.7517 | DK24: =(318057/(373164+318057))*Serie_Migracion!$B21 -> -5843.7517 | ... GZ24: =(318057/(373164+318057))*Serie_Migracion!$B21 -> -5843.7517
A25: Total Nacional | B25: 2038 | C25: Total | H25: =(373164/(373164+318057))*Serie_Migracion!$B22 -> -6640.3035 | I25: =(373164/(373164+318057))*Serie_Migracion!$B22 -> -6640.3035 | J25: =(373164/(373164+318057))*Serie_Migracion!$B22 -> -6640.3035 | K25: =(373164/(373164+318057))*Serie_Migracion!$B22 -> -6640.3035 | L25: =(373164/(373164+318057))*Serie_Migracion!$B22 -> -6640.3035 | M25: =(373164/(373164+318057))*Serie_Migracion!$B22 -> -6640.3035 | N25: =(373164/(373164+318057))*Serie_Migracion!$B22 -> -6640.3035 | O25: =(373164/(373164+318057))*Serie_Migracion!$B22 -> -6640.3035 | ... DC25: =(373164/(373164+318057))*Serie_Migracion!$B22 -> -6640.3035 | DD25: =(318057/(373164+318057))*Serie_Migracion!$B22 -> -5659.6965 | DE25: =(318057/(373164+318057))*Serie_Migracion!$B22 -> -5659.6965 | DF25: =(318057/(373164+318057))*Serie_Migracion!$B22 -> -5659.6965 | DG25: =(318057/(373164+318057))*Serie_Migracion!$B22 -> -5659.6965 | DH25: =(318057/(373164+318057))*Serie_Migracion!$B22 -> -5659.6965 | DI25: =(318057/(373164+318057))*Serie_Migracion!$B22 -> -5659.6965 | DJ25: =(318057/(373164+318057))*Serie_Migracion!$B22 -> -5659.6965 | DK25: =(318057/(373164+318057))*Serie_Migracion!$B22 -> -5659.6965 | ... GZ25: =(318057/(373164+318057))*Serie_Migracion!$B22 -> -5659.6965
A26: Total Nacional | B26: 2039 | C26: Total | H26: =(373164/(373164+318057))*Serie_Migracion!$B23 -> -6478.3448 | I26: =(373164/(373164+318057))*Serie_Migracion!$B23 -> -6478.3448 | J26: =(373164/(373164+318057))*Serie_Migracion!$B23 -> -6478.3448 | K26: =(373164/(373164+318057))*Serie_Migracion!$B23 -> -6478.3448 | L26: =(373164/(373164+318057))*Serie_Migracion!$B23 -> -6478.3448 | M26: =(373164/(373164+318057))*Serie_Migracion!$B23 -> -6478.3448 | N26: =(373164/(373164+318057))*Serie_Migracion!$B23 -> -6478.3448 | O26: =(373164/(373164+318057))*Serie_Migracion!$B23 -> -6478.3448 | ... DC26: =(373164/(373164+318057))*Serie_Migracion!$B23 -> -6478.3448 | DD26: =(318057/(373164+318057))*Serie_Migracion!$B23 -> -5521.6552 | DE26: =(318057/(373164+318057))*Serie_Migracion!$B23 -> -5521.6552 | DF26: =(318057/(373164+318057))*Serie_Migracion!$B23 -> -5521.6552 | DG26: =(318057/(373164+318057))*Serie_Migracion!$B23 -> -5521.6552 | DH26: =(318057/(373164+318057))*Serie_Migracion!$B23 -> -5521.6552 | DI26: =(318057/(373164+318057))*Serie_Migracion!$B23 -> -5521.6552 | DJ26: =(318057/(373164+318057))*Serie_Migracion!$B23 -> -5521.6552 | DK26: =(318057/(373164+318057))*Serie_Migracion!$B23 -> -5521.6552 | ... GZ26: =(318057/(373164+318057))*Serie_Migracion!$B23 -> -5521.6552
... A57: Total Nacional | B57: 2070 | C57: Total | H57: =(373164/(373164+318057))*Serie_Migracion!$B54 -> 0 | I57: =(373164/(373164+318057))*Serie_Migracion!$B54 -> 0 | J57: =(373164/(373164+318057))*Serie_Migracion!$B54 -> 0 | K57: =(373164/(373164+318057))*Serie_Migracion!$B54 -> 0 | L57: =(373164/(373164+318057))*Serie_Migracion!$B54 -> 0 | M57: =(373164/(373164+318057))*Serie_Migracion!$B54 -> 0 | N57: =(373164/(373164+318057))*Serie_Migracion!$B54 -> 0 | O57: =(373164/(373164+318057))*Serie_Migracion!$B54 -> 0 | ... DC57: =(373164/(373164+318057))*Serie_Migracion!$B54 -> 0 | DD57: =(318057/(373164+318057))*Serie_Migracion!$B54 -> 0 | DE57: =(318057/(373164+318057))*Serie_Migracion!$B54 -> 0 | DF57: =(318057/(373164+318057))*Serie_Migracion!$B54 -> 0 | DG57: =(318057/(373164+318057))*Serie_Migracion!$B54 -> 0 | DH57: =(318057/(373164+318057))*Serie_Migracion!$B54 -> 0 | DI57: =(318057/(373164+318057))*Serie_Migracion!$B54 -> 0 | DJ57: =(318057/(373164+318057))*Serie_Migracion!$B54 -> 0 | DK57: =(318057/(373164+318057))*Serie_Migracion!$B54 -> 0 | ... GZ57: =(318057/(373164+318057))*Serie_Migracion!$B54 -> 0
A62: Fuente: DANE, Proyecciones de población - Dirección técnica de Censos y Demografía (DCD)
A63: Nota: Desde el 1 de diciembre de 2019 comenzó a regir la Ordenanza 248 de 2019 de la Asamblea Departamental de Guainía que crea el municipio de Barrancominas, conformado por las áreas no municipalizadas de Barrancominas y Mapiripana.
A64: Nota: A partir del decreto 0284 del 26 de diciembre de 2023 y de la Ordenanza No. 180 del 27 de junio de 2023, por la cual se crea el municipio de Nuevo Belén de Bajirá, segregado del municipio de Riosucio, el Departamento Administrativo Nacional de Estadística -DANE- ha incorporado el nuevo municipio a la DIVIPOLA; una vez el Instituto Geográfico Agustín Codazzi – IGAC culmine el proceso de deslinde respectivo y elabore la cartografía oficial con esta nueva entidad territorial, el DANE procederá con la actualización del Marco Geoestadístico Nacional y las actualizaciones cartográficas a que haya lugar, con el propósito de ajustar la certificación de población indígena en los resguardos del municipio en mención.
A65: Actualizado el 18 de Julio de 2025

Sheet SupxSexoEdad
A3: PROYECCIONES DE POBLACIÓN Y ESTUDIOS DEMOGRÁFICOS (PPED)
A5: NACIONAL. PROYECCIONES DE POBLACIÓN POR ÁREA GEOGRÁFICA SEGÚN SEXO Y EDADES SIMPLES, PERIODO 2018-2070
A7: PROYECCIONES DE POBLACIÓN POR ÁREA, SEGÚN SEXO Y EDAD SIMPLE. AÑOS 2018 A 2070
A8: TERRITORIO | B8: AÑO | C8: ÁREA GEOGRÁFICA | D8: TOTAL | G8: HOMBRES | DD8: MUJERES | HA8: TOTAL (AMBOS SEXOS)
D9: Total | E9: Hombres | F9: Mujeres | G9: Hombres 0 años | H9: Hombres 1 año | I9: Hombres 2 años | J9: Hombres 3 años | K9: Hombres 4 años | L9: Hombres 5 años | M9: Hombres 6 años | N9: Hombres 7 años | O9: Hombres 8 años | P9: Hombres 9 años | Q9: Hombres 10 años | R9: Hombres 11 años | S9: Hombres 12 años | T9: Hombres 13 años | U9: Hombres 14 años | V9: Hombres 15 años | W9: Hombres 16 años | X9: Hombres 17 años | Y9: Hombres 18 años | Z9: Hombres 19 años | AA9: Hombres 20 años | AB9: Hombres 21 años | AC9: Hombres 22 años | AD9: Hombres 23 años | AE9: Hombres 24 años | AF9: Hombres 25 años | AG9: Hombres 26 años | AH9: Hombres 27 años | AI9: Hombres 28 años | AJ9: Hombres 29 años | AK9: Hombres 30 años | AL9: Hombres 31 años | AM9: Hombres 32 años | AN9: Hombres 33 años | AO9: Hombres 34 años | AP9: Hombres 35 años | AQ9: Hombres 36 años | AR9: Hombres 37 años | AS9: Hombres 38 años | AT9: Hombres 39 años | AU9: Hombres 40 años | AV9: Hombres 41 años | AW9: Hombres 42 años | AX9: Hombres 43 años | AY9: Hombres 44 años | AZ9: Hombres 45 años | BA9: Hombres 46 años | BB9: Hombres 47 años | BC9: Hombres 48 años | BD9: Hombres 49 años | BE9: Hombres 50 años | BF9: Hombres 51 años | BG9: Hombres 52 años | BH9: Hombres 53 años | BI9: Hombres 54 años | BJ9: Hombres 55 años | BK9: Hombres 56 años | BL9: Hombres 57 años | BM9: Hombres 58 años | BN9: Hombres 59 años | BO9: Hombres 60 años | BP9: Hombres 61 años | BQ9: Hombres 62 años | BR9: Hombres 63 años | BS9: Hombres 64 años | BT9: Hombres 65 años | BU9: Hombres 66 años | BV9: Hombres 67 años | BW9: Hombres 68 años | BX9: Hombres 69 años | BY9: Hombres 70 años | BZ9: Hombres 71 años | CA9: Hombres 72 años | CB9: Hombres 73 años | CC9: Hombres 74 años | CD9: Hombres 75 años | CE9: Hombres 76 años | CF9: Hombres 77 años | CG9: Hombres 78 años | CH9: Hombres 79 años | CI9: Hombres 80 años | CJ9: Hombres 81 años | CK9: Hombres 82 años | CL9: Hombres 83 años | CM9: Hombres 84 años | CN9: Hombres 85 años | CO9: Hombres 86 años | CP9: Hombres 87 años | CQ9: Hombres 88 años | CR9: Hombres 89 años | CS9: Hombres 90 años | CT9: Hombres 91 años | CU9: Hombres 92 años | CV9: Hombres 93 años | CW9: Hombres 94 años | CX9: Hombres 95 años | CY9: Hombres 96 años | CZ9: Hombres 97 años | DA9: Hombres 98 años | DB9: Hombres 99 años | DC9: Hombres 100 años y más | DD9: Mujeres 0 años | DE9: Mujeres 1 año | DF9: Mujeres 2 años | DG9: Mujeres 3 años | DH9: Mujeres 4 años | DI9: Mujeres 5 años | DJ9: Mujeres 6 años | DK9: Mujeres 7 años | DL9: Mujeres 8 años | DM9: Mujeres 9 años | DN9: Mujeres 10 años | DO9: Mujeres 11 años | DP9: Mujeres 12 años | DQ9: Mujeres 13 años | DR9: Mujeres 14 años | DS9: Mujeres 15 años | DT9: Mujeres 16 años | DU9: Mujeres 17 años | DV9: Mujeres 18 años | DW9: Mujeres 19 años | DX9: Mujeres 20 años | DY9: Mujeres 21 años | DZ9: Mujeres 22 años | EA9: Mujeres 23 años | EB9: Mujeres 24 años | EC9: Mujeres 25 años | ED9: Mujeres 26 años | EE9: Mujeres 27 años | EF9: Mujeres 28 años | EG9: Mujeres 29 años | EH9: Mujeres 30 años | EI9: Mujeres 31 años | EJ9: Mujeres 32 años | EK9: Mujeres 33 años | EL9: Mujeres 34 años | EM9: Mujeres 35 años | EN9: Mujeres 36 años | EO9: Mujeres 37 años | EP9: Mujeres 38 años | EQ9: Mujeres 39 años | ER9: Mujeres 40 años | ES9: Mujeres 41 años | ET9: Mujeres 42 años | EU9: Mujeres 43 años | EV9: Mujeres 44 años | EW9: Mujeres 45 años | EX9: Mujeres 46 años | EY9: Mujeres 47 años | EZ9: Mujeres 48 años | FA9: Mujeres 49 años | FB9: Mujeres 50 años | FC9: Mujeres 51 años | FD9: Mujeres 52 años | FE9: Mujeres 53 años | FF9: Mujeres 54 años | FG9: Mujeres 55 años | FH9: Mujeres 56 años | FI9: Mujeres 57 años | FJ9: Mujeres 58 años | FK9: Mujeres 59 años | FL9: Mujeres 60 años | FM9: Mujeres 61 años | FN9: Mujeres 62 años | FO9: Mujeres 63 años | FP9: Mujeres 64 años | FQ9: Mujeres 65 años | FR9: Mujeres 66 años | FS9: Mujeres 67 años | FT9: Mujeres 68 años | FU9: Mujeres 69 años | FV9: Mujeres 70 años | FW9: Mujeres 71 años | FX9: Mujeres 72 años | FY9: Mujeres 73 años | FZ9: Mujeres 74 años | GA9: Mujeres 75 años | GB9: Mujeres 76 años | GC9: Mujeres 77 años | GD9: Mujeres 78 años | GE9: Mujeres 79 años | GF9: Mujeres 80 años | GG9: Mujeres 81 años | GH9: Mujeres 82 años | GI9: Mujeres 83 años | GJ9: Mujeres 84 años | GK9: Mujeres 85 años | GL9: Mujeres 86 años | GM9: Mujeres 87 años | GN9: Mujeres 88 años | GO9: Mujeres 89 años | GP9: Mujeres 90 años | GQ9: Mujeres 91 años | GR9: Mujeres 92 años | GS9: Mujeres 93 años | GT9: Mujeres 94 años | GU9: Mujeres 95 años | GV9: Mujeres 96 años | GW9: Mujeres 97 años | GX9: Mujeres 98 años | GY9: Mujeres 99 años | GZ9: Mujeres 100 años y más | HA9: Total 0 años | HB9: Total 1 año | HC9: Total 2 años | HD9: Total 3 años | HE9: Total 4 años | HF9: Total 5 años | HG9: Total 6 años | HH9: Total 7 años | HI9: Total 8 años | HJ9: Total 9 años | HK9: Total 10 años | HL9: Total 11 años | HM9: Total 12 años | HN9: Total 13 años | HO9: Total 14 años | HP9: Total 15 años | HQ9: Total 16 años | HR9: Total 17 años | HS9: Total 18 años | HT9: Total 19 años | HU9: Total 20 años | HV9: Total 21 años | HW9: Total 22 años | HX9: Total 23 años | HY9: Total 24 años | HZ9: Total 25 años | IA9: Total 26 años | IB9: Total 27 años | IC9: Total 28 años | ID9: Total 29 años | IE9: Total 30 años | IF9: Total 31 años | IG9: Total 32 años | IH9: Total 33 años | II9: Total 34 años | IJ9: Total 35 años | IK9: Total 36 años | IL9: Total 37 años | IM9: Total 38 años | IN9: Total 39 años | IO9: Total 40 años | IP9: Total 41 años | IQ9: Total 42 años | IR9: Total 43 años | IS9: Total 44 años | IT9: Total 45 años | IU9: Total 46 años | IV9: Total 47 años | IW9: Total 48 años | IX9: Total 49 años | IY9: Total 50 años | IZ9: Total 51 años | JA9: Total 52 años | JB9: Total 53 años | JC9: Total 54 años | JD9: Total 55 años | JE9: Total 56 años | JF9: Total 57 años | JG9: Total 58 años | JH9: Total 59 años | JI9: Total 60 años | JJ9: Total 61 años | JK9: Total 62 años | JL9: Total 63 años | JM9: Total 64 años | JN9: Total 65 años | JO9: Total 66 años | JP9: Total 67 años | JQ9: Total 68 años | JR9: Total 69 años | JS9: Total 70 años | JT9: Total 71 años | JU9: Total 72 años | JV9: Total 73 años | JW9: Total 74 años | JX9: Total 75 años | JY9: Total 76 años | JZ9: Total 77 años | KA9: Total 78 años | KB9: Total 79 años | KC9: Total 80 años | KD9: Total 81 años | KE9: Total 82 años | KF9: Total 83 años | KG9: Total 84 años | KH9: Total 85 años | KI9: Total 86 años | KJ9: Total 87 años | KK9: Total 88 años | KL9: Total 89 años | KM9: Total 90 años | KN9: Total 91 años | KO9: Total 92 años | KP9: Total 93 años | KQ9: Total 94 años | KR9: Total 95 años | KS9: Total 96 años | KT9: Total 97 años | KU9: Total 98 años | KV9: Total 99 años | KW9: Total 100 años y más
A10: Total Nacional | B10: 2018 | C10: Total
A11: Total Nacional | B11: 2019 | C11: Total
A12: Total Nacional | B12: 2020 | C12: Total
A13: Total Nacional | B13: 2021 | C13: Total
A14: Total Nacional | B14: 2022 | C14: Total
A15: Total Nacional | B15: 2023 | C15: Total
A16: Total Nacional | B16: 2024 | C16: Total
A17: Total Nacional | B17: 2025 | C17: Total
A18: Total Nacional | B18: 2026 | C18: Total
A19: Total Nacional | B19: 2027 | C19: Total
A20: Total Nacional | B20: 2028 | C20: Total | H20: ='PobNacionalxSexoEdad '!H20/'PobNacionalxSexoEdad '!G19 -> 0.99915049 | I20: ='PobNacionalxSexoEdad '!I20/'PobNacionalxSexoEdad '!H19 -> 0.99952414 | J20: ='PobNacionalxSexoEdad '!J20/'PobNacionalxSexoEdad '!I19 -> 0.99965186 | K20: ='PobNacionalxSexoEdad '!K20/'PobNacionalxSexoEdad '!J19 -> 0.9996866 | L20: ='PobNacionalxSexoEdad '!L20/'PobNacionalxSexoEdad '!K19 -> 0.99973289 | M20: ='PobNacionalxSexoEdad '!M20/'PobNacionalxSexoEdad '!L19 -> 0.99973092 | N20: ='PobNacionalxSexoEdad '!N20/'PobNacionalxSexoEdad '!M19 -> 0.99973974 | O20: ='PobNacionalxSexoEdad '!O20/'PobNacionalxSexoEdad '!N19 -> 0.99970876 | ... DB20: ='PobNacionalxSexoEdad '!DB20/'PobNacionalxSexoEdad '!DA19 -> 0.73508137 | DE20: =('PobNacionalxSexoEdad '!DE20-MigxSexoEdad!H15)/'PobNacionalxSexoEdad '!DD19 -> 1.0212048 | DF20: ='PobNacionalxSexoEdad '!DF20/'PobNacionalxSexoEdad '!DE19 -> 0.99928736 | DG20: ='PobNacionalxSexoEdad '!DG20/'PobNacionalxSexoEdad '!DF19 -> 0.99942223 | DH20: ='PobNacionalxSexoEdad '!DH20/'PobNacionalxSexoEdad '!DG19 -> 0.99946471 | DI20: ='PobNacionalxSexoEdad '!DI20/'PobNacionalxSexoEdad '!DH19 -> 0.99951872 | DJ20: ='PobNacionalxSexoEdad '!DJ20/'PobNacionalxSexoEdad '!DI19 -> 0.99953831 | DK20: ='PobNacionalxSexoEdad '!DK20/'PobNacionalxSexoEdad '!DJ19 -> 0.99952831 | DL20: ='PobNacionalxSexoEdad '!DL20/'PobNacionalxSexoEdad '!DK19 -> 0.99951756 | DM20: ='PobNacionalxSexoEdad '!DM20/'PobNacionalxSexoEdad '!DL19 -> 0.99953872 | ... GY20: ='PobNacionalxSexoEdad '!GY20/'PobNacionalxSexoEdad '!GX19 -> 0.74019115
A21: Total Nacional | B21: 2029 | C21: Total | H21: ='PobNacionalxSexoEdad '!H21/'PobNacionalxSexoEdad '!G20 -> 0.99907472 | I21: ='PobNacionalxSexoEdad '!I21/'PobNacionalxSexoEdad '!H20 -> 0.99945101 | J21: ='PobNacionalxSexoEdad '!J21/'PobNacionalxSexoEdad '!I20 -> 0.9995682 | K21: ='PobNacionalxSexoEdad '!K21/'PobNacionalxSexoEdad '!J20 -> 0.99963269 | L21: ='PobNacionalxSexoEdad '!L21/'PobNacionalxSexoEdad '!K20 -> 0.99965971 | M21: ='PobNacionalxSexoEdad '!M21/'PobNacionalxSexoEdad '!L20 -> 0.99968256 | N21: ='PobNacionalxSexoEdad '!N21/'PobNacionalxSexoEdad '!M20 -> 0.99969949 | O21: ='PobNacionalxSexoEdad '!O21/'PobNacionalxSexoEdad '!N20 -> 0.99966492 | ... DB21: ='PobNacionalxSexoEdad '!DB21/'PobNacionalxSexoEdad '!DA20 -> 0.73698147 | DE21: ='PobNacionalxSexoEdad '!DE21/'PobNacionalxSexoEdad '!DD20 -> 0.99878956 | DF21: ='PobNacionalxSexoEdad '!DF21/'PobNacionalxSexoEdad '!DE20 -> 0.99919193 | DG21: ='PobNacionalxSexoEdad '!DG21/'PobNacionalxSexoEdad '!DF20 -> 0.99933342 | DH21: ='PobNacionalxSexoEdad '!DH21/'PobNacionalxSexoEdad '!DG20 -> 0.99941045 | DI21: ='PobNacionalxSexoEdad '!DI21/'PobNacionalxSexoEdad '!DH20 -> 0.99945596 | DJ21: ='PobNacionalxSexoEdad '!DJ21/'PobNacionalxSexoEdad '!DI20 -> 0.99947952 | DK21: ='PobNacionalxSexoEdad '!DK21/'PobNacionalxSexoEdad '!DJ20 -> 0.99948861 | DL21: ='PobNacionalxSexoEdad '!DL21/'PobNacionalxSexoEdad '!DK20 -> 0.99949283 | ... GY21: ='PobNacionalxSexoEdad '!GY21/'PobNacionalxSexoEdad '!GX20 -> 0.74045054
A22: Total Nacional | B22: 2030 | C22: Total | H22: ='PobNacionalxSexoEdad '!H22/'PobNacionalxSexoEdad '!G21 -> 0.99908323 | I22: ='PobNacionalxSexoEdad '!I22/'PobNacionalxSexoEdad '!H21 -> 0.99944087 | J22: ='PobNacionalxSexoEdad '!J22/'PobNacionalxSexoEdad '!I21 -> 0.99957465 | K22: ='PobNacionalxSexoEdad '!K22/'PobNacionalxSexoEdad '!J21 -> 0.99964278 | L22: ='PobNacionalxSexoEdad '!L22/'PobNacionalxSexoEdad '!K21 -> 0.99966522 | M22: ='PobNacionalxSexoEdad '!M22/'PobNacionalxSexoEdad '!L21 -> 0.99967835 | N22: ='PobNacionalxSexoEdad '!N22/'PobNacionalxSexoEdad '!M21 -> 0.99967716 | O22: ='PobNacionalxSexoEdad '!O22/'PobNacionalxSexoEdad '!N21 -> 0.9996811 | ... DB22: ='PobNacionalxSexoEdad '!DB22/'PobNacionalxSexoEdad '!DA21 -> 0.73771892 | DE22: ='PobNacionalxSexoEdad '!DE22/'PobNacionalxSexoEdad '!DD21 -> 0.99878472 | DF22: ='PobNacionalxSexoEdad '!DF22/'PobNacionalxSexoEdad '!DE21 -> 0.99918001 | DG22: ='PobNacionalxSexoEdad '!DG22/'PobNacionalxSexoEdad '!DF21 -> 0.99934236 | DH22: ='PobNacionalxSexoEdad '!DH22/'PobNacionalxSexoEdad '!DG21 -> 0.9994291 | DI22: ='PobNacionalxSexoEdad '!DI22/'PobNacionalxSexoEdad '!DH21 -> 0.99945592 | DJ22: ='PobNacionalxSexoEdad '!DJ22/'PobNacionalxSexoEdad '!DI21 -> 0.99947541 | DK22: ='PobNacionalxSexoEdad '!DK22/'PobNacionalxSexoEdad '!DJ21 -> 0.99947647 | DL22: ='PobNacionalxSexoEdad '!DL22/'PobNacionalxSexoEdad '!DK21 -> 0.9994966 | ... GY22: ='PobNacionalxSexoEdad '!GY22/'PobNacionalxSexoEdad '!GX21 -> 0.7409883
A23: Total Nacional | B23: 2031 | C23: Total | H23: ='PobNacionalxSexoEdad '!H23/'PobNacionalxSexoEdad '!G22 -> 0.99909782 | I23: ='PobNacionalxSexoEdad '!I23/'PobNacionalxSexoEdad '!H22 -> 0.99945352 | J23: ='PobNacionalxSexoEdad '!J23/'PobNacionalxSexoEdad '!I22 -> 0.99958114 | K23: ='PobNacionalxSexoEdad '!K23/'PobNacionalxSexoEdad '!J22 -> 0.99964211 | L23: ='PobNacionalxSexoEdad '!L23/'PobNacionalxSexoEdad '!K22 -> 0.99967035 | M23: ='PobNacionalxSexoEdad '!M23/'PobNacionalxSexoEdad '!L22 -> 0.99967872 | N23: ='PobNacionalxSexoEdad '!N23/'PobNacionalxSexoEdad '!M22 -> 0.99969166 | O23: ='PobNacionalxSexoEdad '!O23/'PobNacionalxSexoEdad '!N22 -> 0.99968765 | ... DB23: ='PobNacionalxSexoEdad '!DB23/'PobNacionalxSexoEdad '!DA22 -> 0.7391124 | DE23: ='PobNacionalxSexoEdad '!DE23/'PobNacionalxSexoEdad '!DD22 -> 0.99878253 | DF23: ='PobNacionalxSexoEdad '!DF23/'PobNacionalxSexoEdad '!DE22 -> 0.99919497 | DG23: ='PobNacionalxSexoEdad '!DG23/'PobNacionalxSexoEdad '!DF22 -> 0.99935131 | DH23: ='PobNacionalxSexoEdad '!DH23/'PobNacionalxSexoEdad '!DG22 -> 0.99942492 | DI23: ='PobNacionalxSexoEdad '!DI23/'PobNacionalxSexoEdad '!DH22 -> 0.99945792 | DJ23: ='PobNacionalxSexoEdad '!DJ23/'PobNacionalxSexoEdad '!DI22 -> 0.99948427 | DK23: ='PobNacionalxSexoEdad '!DK23/'PobNacionalxSexoEdad '!DJ22 -> 0.99948924 | DL23: ='PobNacionalxSexoEdad '!DL23/'PobNacionalxSexoEdad '!DK22 -> 0.99950406 | ... GY23: ='PobNacionalxSexoEdad '!GY23/'PobNacionalxSexoEdad '!GX22 -> 0.74320242
A24: Total Nacional | B24: 2032 | C24: Total | H24: ='PobNacionalxSexoEdad '!H24/'PobNacionalxSexoEdad '!G23 -> 0.99911898 | I24: ='PobNacionalxSexoEdad '!I24/'PobNacionalxSexoEdad '!H23 -> 0.99946357 | J24: ='PobNacionalxSexoEdad '!J24/'PobNacionalxSexoEdad '!I23 -> 0.99959942 | K24: ='PobNacionalxSexoEdad '!K24/'PobNacionalxSexoEdad '!J23 -> 0.99964698 | L24: ='PobNacionalxSexoEdad '!L24/'PobNacionalxSexoEdad '!K23 -> 0.99969836 | M24: ='PobNacionalxSexoEdad '!M24/'PobNacionalxSexoEdad '!L23 -> 0.99970073 | N24: ='PobNacionalxSexoEdad '!N24/'PobNacionalxSexoEdad '!M23 -> 0.99970585 | O24: ='PobNacionalxSexoEdad '!O24/'PobNacionalxSexoEdad '!N23 -> 0.99970497 | ... DB24: ='PobNacionalxSexoEdad '!DB24/'PobNacionalxSexoEdad '!DA23 -> 0.74020783 | DE24: ='PobNacionalxSexoEdad '!DE24/'PobNacionalxSexoEdad '!DD23 -> 0.99880567 | DF24: ='PobNacionalxSexoEdad '!DF24/'PobNacionalxSexoEdad '!DE23 -> 0.99921034 | DG24: ='PobNacionalxSexoEdad '!DG24/'PobNacionalxSexoEdad '!DF23 -> 0.9993573 | DH24: ='PobNacionalxSexoEdad '!DH24/'PobNacionalxSexoEdad '!DG23 -> 0.9994475 | DI24: ='PobNacionalxSexoEdad '!DI24/'PobNacionalxSexoEdad '!DH23 -> 0.99948095 | DJ24: ='PobNacionalxSexoEdad '!DJ24/'PobNacionalxSexoEdad '!DI23 -> 0.99950136 | DK24: ='PobNacionalxSexoEdad '!DK24/'PobNacionalxSexoEdad '!DJ23 -> 0.99951554 | DL24: ='PobNacionalxSexoEdad '!DL24/'PobNacionalxSexoEdad '!DK23 -> 0.99950028 | ... GY24: ='PobNacionalxSexoEdad '!GY24/'PobNacionalxSexoEdad '!GX23 -> 0.74406511
A25: Total Nacional | B25: 2033 | C25: Total | H25: ='PobNacionalxSexoEdad '!H25/'PobNacionalxSexoEdad '!G24 -> 0.99913797 | I25: ='PobNacionalxSexoEdad '!I25/'PobNacionalxSexoEdad '!H24 -> 0.99948613 | J25: ='PobNacionalxSexoEdad '!J25/'PobNacionalxSexoEdad '!I24 -> 0.99962728 | K25: ='PobNacionalxSexoEdad '!K25/'PobNacionalxSexoEdad '!J24 -> 0.99965776 | L25: ='PobNacionalxSexoEdad '!L25/'PobNacionalxSexoEdad '!K24 -> 0.99972724 | M25: ='PobNacionalxSexoEdad '!M25/'PobNacionalxSexoEdad '!L24 -> 0.99971237 | N25: ='PobNacionalxSexoEdad '!N25/'PobNacionalxSexoEdad '!M24 -> 0.99973944 | O25: ='PobNacionalxSexoEdad '!O25/'PobNacionalxSexoEdad '!N24 -> 0.99973028 | ... DB25: ='PobNacionalxSexoEdad '!DB25/'PobNacionalxSexoEdad '!DA24 -> 0.74104361 | DE25: ='PobNacionalxSexoEdad '!DE25/'PobNacionalxSexoEdad '!DD24 -> 0.99884612 | DF25: ='PobNacionalxSexoEdad '!DF25/'PobNacionalxSexoEdad '!DE24 -> 0.99923587 | DG25: ='PobNacionalxSexoEdad '!DG25/'PobNacionalxSexoEdad '!DF24 -> 0.99937593 | DH25: ='PobNacionalxSexoEdad '!DH25/'PobNacionalxSexoEdad '!DG24 -> 0.99945536 | DI25: ='PobNacionalxSexoEdad '!DI25/'PobNacionalxSexoEdad '!DH24 -> 0.99948345 | DJ25: ='PobNacionalxSexoEdad '!DJ25/'PobNacionalxSexoEdad '!DI24 -> 0.99951035 | DK25: ='PobNacionalxSexoEdad '!DK25/'PobNacionalxSexoEdad '!DJ24 -> 0.99955363 | DL25: ='PobNacionalxSexoEdad '!DL25/'PobNacionalxSexoEdad '!DK24 -> 0.99953538 | ... GY25: ='PobNacionalxSexoEdad '!GY25/'PobNacionalxSexoEdad '!GX24 -> 0.74520906
A26: Total Nacional | B26: 2034 | C26: Total | H26: ='PobNacionalxSexoEdad '!H26/'PobNacionalxSexoEdad '!G25 -> 0.9991706 | I26: ='PobNacionalxSexoEdad '!I26/'PobNacionalxSexoEdad '!H25 -> 0.99952517 | J26: ='PobNacionalxSexoEdad '!J26/'PobNacionalxSexoEdad '!I25 -> 0.99963797 | K26: ='PobNacionalxSexoEdad '!K26/'PobNacionalxSexoEdad '!J25 -> 0.99969873 | L26: ='PobNacionalxSexoEdad '!L26/'PobNacionalxSexoEdad '!K25 -> 0.99972787 | M26: ='PobNacionalxSexoEdad '!M26/'PobNacionalxSexoEdad '!L25 -> 0.99974727 | N26: ='PobNacionalxSexoEdad '!N26/'PobNacionalxSexoEdad '!M25 -> 0.99974895 | O26: ='PobNacionalxSexoEdad '!O26/'PobNacionalxSexoEdad '!N25 -> 0.99975601 | ... DB26: ='PobNacionalxSexoEdad '!DB26/'PobNacionalxSexoEdad '!DA25 -> 0.74117205 | DE26: ='PobNacionalxSexoEdad '!DE26/'PobNacionalxSexoEdad '!DD25 -> 0.99889185 | DF26: ='PobNacionalxSexoEdad '!DF26/'PobNacionalxSexoEdad '!DE25 -> 0.99923312 | DG26: ='PobNacionalxSexoEdad '!DG26/'PobNacionalxSexoEdad '!DF25 -> 0.99939846 | DH26: ='PobNacionalxSexoEdad '!DH26/'PobNacionalxSexoEdad '!DG25 -> 0.99947282 | DI26: ='PobNacionalxSexoEdad '!DI26/'PobNacionalxSexoEdad '!DH25 -> 0.99951663 | DJ26: ='PobNacionalxSexoEdad '!DJ26/'PobNacionalxSexoEdad '!DI25 -> 0.99955572 | DK26: ='PobNacionalxSexoEdad '!DK26/'PobNacionalxSexoEdad '!DJ25 -> 0.99956949 | DL26: ='PobNacionalxSexoEdad '!DL26/'PobNacionalxSexoEdad '!DK25 -> 0.99953883 | ... GY26: ='PobNacionalxSexoEdad '!GY26/'PobNacionalxSexoEdad '!GX25 -> 0.7460815
A27: Total Nacional | B27: 2035 | C27: Total | H27: ='PobNacionalxSexoEdad '!H27/'PobNacionalxSexoEdad '!G26 -> 0.99920809 | I27: ='PobNacionalxSexoEdad '!I27/'PobNacionalxSexoEdad '!H26 -> 0.99954377 | J27: ='PobNacionalxSexoEdad '!J27/'PobNacionalxSexoEdad '!I26 -> 0.99966466 | K27: ='PobNacionalxSexoEdad '!K27/'PobNacionalxSexoEdad '!J26 -> 0.9997261 | L27: ='PobNacionalxSexoEdad '!L27/'PobNacionalxSexoEdad '!K26 -> 0.99973444 | M27: ='PobNacionalxSexoEdad '!M27/'PobNacionalxSexoEdad '!L26 -> 0.99977756 | N27: ='PobNacionalxSexoEdad '!N27/'PobNacionalxSexoEdad '!M26 -> 0.99976444 | O27: ='PobNacionalxSexoEdad '!O27/'PobNacionalxSexoEdad '!N26 -> 0.99977711 | ... DB27: ='PobNacionalxSexoEdad '!DB27/'PobNacionalxSexoEdad '!DA26 -> 0.74249548 | DE27: ='PobNacionalxSexoEdad '!DE27/'PobNacionalxSexoEdad '!DD26 -> 0.99890928 | DF27: ='PobNacionalxSexoEdad '!DF27/'PobNacionalxSexoEdad '!DE26 -> 0.99925708 | DG27: ='PobNacionalxSexoEdad '!DG27/'PobNacionalxSexoEdad '!DF26 -> 0.99942848 | DH27: ='PobNacionalxSexoEdad '!DH27/'PobNacionalxSexoEdad '!DG26 -> 0.99948454 | DI27: ='PobNacionalxSexoEdad '!DI27/'PobNacionalxSexoEdad '!DH26 -> 0.99954475 | DJ27: ='PobNacionalxSexoEdad '!DJ27/'PobNacionalxSexoEdad '!DI26 -> 0.99956568 | DK27: ='PobNacionalxSexoEdad '!DK27/'PobNacionalxSexoEdad '!DJ26 -> 0.99956761 | DL27: ='PobNacionalxSexoEdad '!DL27/'PobNacionalxSexoEdad '!DK26 -> 0.9995901 | ... GY27: ='PobNacionalxSexoEdad '!GY27/'PobNacionalxSexoEdad '!GX26 -> 0.74652428
A28: Total Nacional | B28: 2036 | C28: Total | H28: ='PobNacionalxSexoEdad '!H28/'PobNacionalxSexoEdad '!G27 -> 0.99924091 | I28: ='PobNacionalxSexoEdad '!I28/'PobNacionalxSexoEdad '!H27 -> 0.999573 | J28: ='PobNacionalxSexoEdad '!J28/'PobNacionalxSexoEdad '!I27 -> 0.9996862 | K28: ='PobNacionalxSexoEdad '!K28/'PobNacionalxSexoEdad '!J27 -> 0.9997391 | L28: ='PobNacionalxSexoEdad '!L28/'PobNacionalxSexoEdad '!K27 -> 0.99977473 | M28: ='PobNacionalxSexoEdad '!M28/'PobNacionalxSexoEdad '!L27 -> 0.99978809 | N28: ='PobNacionalxSexoEdad '!N28/'PobNacionalxSexoEdad '!M27 -> 0.99979507 | O28: ='PobNacionalxSexoEdad '!O28/'PobNacionalxSexoEdad '!N27 -> 0.99979312 | ... DB28: ='PobNacionalxSexoEdad '!DB28/'PobNacionalxSexoEdad '!DA27 -> 0.74263194 | DE28: ='PobNacionalxSexoEdad '!DE28/'PobNacionalxSexoEdad '!DD27 -> 0.99892445 | DF28: ='PobNacionalxSexoEdad '!DF28/'PobNacionalxSexoEdad '!DE27 -> 0.99929927 | DG28: ='PobNacionalxSexoEdad '!DG28/'PobNacionalxSexoEdad '!DF27 -> 0.99942656 | DH28: ='PobNacionalxSexoEdad '!DH28/'PobNacionalxSexoEdad '!DG27 -> 0.99952292 | DI28: ='PobNacionalxSexoEdad '!DI28/'PobNacionalxSexoEdad '!DH27 -> 0.99955795 | DJ28: ='PobNacionalxSexoEdad '!DJ28/'PobNacionalxSexoEdad '!DI27 -> 0.99958538 | DK28: ='PobNacionalxSexoEdad '!DK28/'PobNacionalxSexoEdad '!DJ27 -> 0.99960556 | DL28: ='PobNacionalxSexoEdad '!DL28/'PobNacionalxSexoEdad '!DK27 -> 0.99960675 | ... GY28: ='PobNacionalxSexoEdad '!GY28/'PobNacionalxSexoEdad '!GX27 -> 0.74664593
A29: Total Nacional | B29: 2037 | C29: Total | H29: ='PobNacionalxSexoEdad '!H29/'PobNacionalxSexoEdad '!G28 -> 0.99926878 | I29: ='PobNacionalxSexoEdad '!I29/'PobNacionalxSexoEdad '!H28 -> 0.99960696 | J29: ='PobNacionalxSexoEdad '!J29/'PobNacionalxSexoEdad '!I28 -> 0.99970227 | K29: ='PobNacionalxSexoEdad '!K29/'PobNacionalxSexoEdad '!J28 -> 0.9997622 | L29: ='PobNacionalxSexoEdad '!L29/'PobNacionalxSexoEdad '!K28 -> 0.99978874 | M29: ='PobNacionalxSexoEdad '!M29/'PobNacionalxSexoEdad '!L28 -> 0.99980513 | N29: ='PobNacionalxSexoEdad '!N29/'PobNacionalxSexoEdad '!M28 -> 0.99983581 | O29: ='PobNacionalxSexoEdad '!O29/'PobNacionalxSexoEdad '!N28 -> 0.99980381 | ... DB29: ='PobNacionalxSexoEdad '!DB29/'PobNacionalxSexoEdad '!DA28 -> 0.74398178 | DE29: ='PobNacionalxSexoEdad '!DE29/'PobNacionalxSexoEdad '!DD28 -> 0.99895144 | DF29: ='PobNacionalxSexoEdad '!DF29/'PobNacionalxSexoEdad '!DE28 -> 0.99930882 | DG29: ='PobNacionalxSexoEdad '!DG29/'PobNacionalxSexoEdad '!DF28 -> 0.99946217 | DH29: ='PobNacionalxSexoEdad '!DH29/'PobNacionalxSexoEdad '!DG28 -> 0.99954299 | DI29: ='PobNacionalxSexoEdad '!DI29/'PobNacionalxSexoEdad '!DH28 -> 0.99957827 | DJ29: ='PobNacionalxSexoEdad '!DJ29/'PobNacionalxSexoEdad '!DI28 -> 0.99960903 | DK29: ='PobNacionalxSexoEdad '!DK29/'PobNacionalxSexoEdad '!DJ28 -> 0.99961349 | DL29: ='PobNacionalxSexoEdad '!DL29/'PobNacionalxSexoEdad '!DK28 -> 0.99962698 | ... GY29: ='PobNacionalxSexoEdad '!GY29/'PobNacionalxSexoEdad '!GX28 -> 0.74770556
A30: Total Nacional | B30: 2038 | C30: Total | H30: ='PobNacionalxSexoEdad '!H30/'PobNacionalxSexoEdad '!G29 -> 0.9993189 | I30: ='PobNacionalxSexoEdad '!I30/'PobNacionalxSexoEdad '!H29 -> 0.99962232 | J30: ='PobNacionalxSexoEdad '!J30/'PobNacionalxSexoEdad '!I29 -> 0.99972245 | K30: ='PobNacionalxSexoEdad '!K30/'PobNacionalxSexoEdad '!J29 -> 0.99977987 | L30: ='PobNacionalxSexoEdad '!L30/'PobNacionalxSexoEdad '!K29 -> 0.99981605 | M30: ='PobNacionalxSexoEdad '!M30/'PobNacionalxSexoEdad '!L29 -> 0.9998322 | N30: ='PobNacionalxSexoEdad '!N30/'PobNacionalxSexoEdad '!M29 -> 0.9998325 | O30: ='PobNacionalxSexoEdad '!O30/'PobNacionalxSexoEdad '!N29 -> 0.9998119 | ... DB30: ='PobNacionalxSexoEdad '!DB30/'PobNacionalxSexoEdad '!DA29 -> 0.74446178 | DE30: ='PobNacionalxSexoEdad '!DE30/'PobNacionalxSexoEdad '!DD29 -> 0.9989802 | DF30: ='PobNacionalxSexoEdad '!DF30/'PobNacionalxSexoEdad '!DE29 -> 0.99933333 | DG30: ='PobNacionalxSexoEdad '!DG30/'PobNacionalxSexoEdad '!DF29 -> 0.99948908 | DH30: ='PobNacionalxSexoEdad '!DH30/'PobNacionalxSexoEdad '!DG29 -> 0.99954703 | DI30: ='PobNacionalxSexoEdad '!DI30/'PobNacionalxSexoEdad '!DH29 -> 0.99959284 | DJ30: ='PobNacionalxSexoEdad '!DJ30/'PobNacionalxSexoEdad '!DI29 -> 0.99962715 | DK30: ='PobNacionalxSexoEdad '!DK30/'PobNacionalxSexoEdad '!DJ29 -> 0.99963453 | DL30: ='PobNacionalxSexoEdad '!DL30/'PobNacionalxSexoEdad '!DK29 -> 0.9996542 | ... GY30: ='PobNacionalxSexoEdad '!GY30/'PobNacionalxSexoEdad '!GX29 -> 0.7489154
A31: Total Nacional | B31: 2039 | C31: Total | H31: ='PobNacionalxSexoEdad '!H31/'PobNacionalxSexoEdad '!G30 -> 0.99934697 | I31: ='PobNacionalxSexoEdad '!I31/'PobNacionalxSexoEdad '!H30 -> 0.99963168 | J31: ='PobNacionalxSexoEdad '!J31/'PobNacionalxSexoEdad '!I30 -> 0.99975374 | K31: ='PobNacionalxSexoEdad '!K31/'PobNacionalxSexoEdad '!J30 -> 0.99979178 | L31: ='PobNacionalxSexoEdad '!L31/'PobNacionalxSexoEdad '!K30 -> 0.99984782 | M31: ='PobNacionalxSexoEdad '!M31/'PobNacionalxSexoEdad '!L30 -> 0.99983823 | N31: ='PobNacionalxSexoEdad '!N31/'PobNacionalxSexoEdad '!M30 -> 0.99985082 | O31: ='PobNacionalxSexoEdad '!O31/'PobNacionalxSexoEdad '!N30 -> 0.9998477 | ... DB31: ='PobNacionalxSexoEdad '!DB31/'PobNacionalxSexoEdad '!DA30 -> 0.74646617 | DE31: ='PobNacionalxSexoEdad '!DE31/'PobNacionalxSexoEdad '!DD30 -> 0.99899975 | DF31: ='PobNacionalxSexoEdad '!DF31/'PobNacionalxSexoEdad '!DE30 -> 0.99935564 | DG31: ='PobNacionalxSexoEdad '!DG31/'PobNacionalxSexoEdad '!DF30 -> 0.99950676 | DH31: ='PobNacionalxSexoEdad '!DH31/'PobNacionalxSexoEdad '!DG30 -> 0.99957575 | DI31: ='PobNacionalxSexoEdad '!DI31/'PobNacionalxSexoEdad '!DH30 -> 0.99960134 | DJ31: ='PobNacionalxSexoEdad '!DJ31/'PobNacionalxSexoEdad '!DI30 -> 0.99964609 | DK31: ='PobNacionalxSexoEdad '!DK31/'PobNacionalxSexoEdad '!DJ30 -> 0.99965973 | DL31: ='PobNacionalxSexoEdad '!DL31/'PobNacionalxSexoEdad '!DK30 -> 0.99966646 | ... GY31: ='PobNacionalxSexoEdad '!GY31/'PobNacionalxSexoEdad '!GX30 -> 0.74934589
A32: Total Nacional | B32: 2040 | C32: Total | H32: ='PobNacionalxSexoEdad '!H32/'PobNacionalxSexoEdad '!G31 -> 0.99938741 | I32: ='PobNacionalxSexoEdad '!I32/'PobNacionalxSexoEdad '!H31 -> 0.99965571 | J32: ='PobNacionalxSexoEdad '!J32/'PobNacionalxSexoEdad '!I31 -> 0.99977273 | K32: ='PobNacionalxSexoEdad '!K32/'PobNacionalxSexoEdad '!J31 -> 0.99982116 | L32: ='PobNacionalxSexoEdad '!L32/'PobNacionalxSexoEdad '!K31 -> 0.99984793 | M32: ='PobNacionalxSexoEdad '!M32/'PobNacionalxSexoEdad '!L31 -> 0.99986075 | N32: ='PobNacionalxSexoEdad '!N32/'PobNacionalxSexoEdad '!M31 -> 0.99986675 | O32: ='PobNacionalxSexoEdad '!O32/'PobNacionalxSexoEdad '!N31 -> 0.99986634 | ... DB32: ='PobNacionalxSexoEdad '!DB32/'PobNacionalxSexoEdad '!DA31 -> 0.74643792 | DE32: ='PobNacionalxSexoEdad '!DE32/'PobNacionalxSexoEdad '!DD31 -> 0.99903585 | DF32: ='PobNacionalxSexoEdad '!DF32/'PobNacionalxSexoEdad '!DE31 -> 0.99939777 | DG32: ='PobNacionalxSexoEdad '!DG32/'PobNacionalxSexoEdad '!DF31 -> 0.99950012 | DH32: ='PobNacionalxSexoEdad '!DH32/'PobNacionalxSexoEdad '!DG31 -> 0.99958817 | DI32: ='PobNacionalxSexoEdad '!DI32/'PobNacionalxSexoEdad '!DH31 -> 0.99963124 | DJ32: ='PobNacionalxSexoEdad '!DJ32/'PobNacionalxSexoEdad '!DI31 -> 0.99966254 | DK32: ='PobNacionalxSexoEdad '!DK32/'PobNacionalxSexoEdad '!DJ31 -> 0.99968605 | DL32: ='PobNacionalxSexoEdad '!DL32/'PobNacionalxSexoEdad '!DK31 -> 0.99966289 | ... GY32: ='PobNacionalxSexoEdad '!GY32/'PobNacionalxSexoEdad '!GX31 -> 0.75076194
... A62: Total Nacional | B62: 2070 | C62: Total | H62: ='PobNacionalxSexoEdad '!H62/'PobNacionalxSexoEdad '!G61 -> 1.0002473 | I62: ='PobNacionalxSexoEdad '!I62/'PobNacionalxSexoEdad '!H61 -> 1.0003483 | J62: ='PobNacionalxSexoEdad '!J62/'PobNacionalxSexoEdad '!I61 -> 1.0003477 | K62: ='PobNacionalxSexoEdad '!K62/'PobNacionalxSexoEdad '!J61 -> 1.0003589 | L62: ='PobNacionalxSexoEdad '!L62/'PobNacionalxSexoEdad '!K61 -> 1.0003227 | M62: ='PobNacionalxSexoEdad '!M62/'PobNacionalxSexoEdad '!L61 -> 1.0002819 | N62: ='PobNacionalxSexoEdad '!N62/'PobNacionalxSexoEdad '!M61 -> 1.0002652 | O62: ='PobNacionalxSexoEdad '!O62/'PobNacionalxSexoEdad '!N61 -> 1.0002213 | ... DB62: ='PobNacionalxSexoEdad '!DB62/'PobNacionalxSexoEdad '!DA61 -> 0.76563177 | DE62: ='PobNacionalxSexoEdad '!DE62/'PobNacionalxSexoEdad '!DD61 -> 0.99998 | DF62: ='PobNacionalxSexoEdad '!DF62/'PobNacionalxSexoEdad '!DE61 -> 1.0001047 | DG62: ='PobNacionalxSexoEdad '!DG62/'PobNacionalxSexoEdad '!DF61 -> 1.000154 | DH62: ='PobNacionalxSexoEdad '!DH62/'PobNacionalxSexoEdad '!DG61 -> 1.0001574 | DI62: ='PobNacionalxSexoEdad '!DI62/'PobNacionalxSexoEdad '!DH61 -> 1.0001482 | DJ62: ='PobNacionalxSexoEdad '!DJ62/'PobNacionalxSexoEdad '!DI61 -> 1.0001575 | DK62: ='PobNacionalxSexoEdad '!DK62/'PobNacionalxSexoEdad '!DJ61 -> 1.0001129 | DL62: ='PobNacionalxSexoEdad '!DL62/'PobNacionalxSexoEdad '!DK61 -> 1.0001224 | ... GY62: ='PobNacionalxSexoEdad '!GY62/'PobNacionalxSexoEdad '!GX61 -> 0.77075566
A67: Fuente: DANE, Proyecciones de población - Dirección técnica de Censos y Demografía (DCD)
A68: Nota: Desde el 1 de diciembre de 2019 comenzó a regir la Ordenanza 248 de 2019 de la Asamblea Departamental de Guainía que crea el municipio de Barrancominas, conformado por las áreas no municipalizadas de Barrancominas y Mapiripana.
A69: Nota: A partir del decreto 0284 del 26 de diciembre de 2023 y de la Ordenanza No. 180 del 27 de junio de 2023, por la cual se crea el municipio de Nuevo Belén de Bajirá, segregado del municipio de Riosucio, el Departamento Administrativo Nacional de Estadística -DANE- ha incorporado el nuevo municipio a la DIVIPOLA; una vez el Instituto Geográfico Agustín Codazzi – IGAC culmine el proceso de deslinde respectivo y elabore la cartografía oficial con esta nueva entidad territorial, el DANE procederá con la actualización del Marco Geoestadístico Nacional y las actualizaciones cartográficas a que haya lugar, con el propósito de ajustar la certificación de población indígena en los resguardos del municipio en mención.
A70: Actualizado el 18 de Julio de 2025

Sheet Serie_Migracion
A1: Año | B1: Saldo neto migratorio - base | C1: Saldo neto migratorio - alternativo | D1: Diff | E1: Diff H | F1: Diff M
A2: 2018 | B2: 630000 | C2: =B2 -> 630000 | D2: =C2-B2 -> 0 | E2: =(318057/(373164+318057))*$D2 -> 0 | F2: =(373164/(373164+318057))*$D2 -> 0
A3: 2019 | B3: 740000 | C3: =B3 -> 740000 | D3: =C3-B3 -> 0 | E3: =(318057/(373164+318057))*$D3 -> 0 | F3: =(373164/(373164+318057))*$D3 -> 0
A4: 2020 | B4: 370000 | C4: =B4 -> 370000 | D4: =C4-B4 -> 0 | E4: =(318057/(373164+318057))*$D4 -> 0 | F4: =(373164/(373164+318057))*$D4 -> 0
A5: 2021 | B5: 190000 | C5: =B5 -> 190000 | D5: =C5-B5 -> 0 | E5: =(318057/(373164+318057))*$D5 -> 0 | F5: =(373164/(373164+318057))*$D5 -> 0
A6: 2022 | B6: 130000 | C6: =B6 -> 130000 | D6: =C6-B6 -> 0 | E6: =(318057/(373164+318057))*$D6 -> 0 | F6: =(373164/(373164+318057))*$D6 -> 0
A7: 2023 | B7: 132000 | C7: =B7 -> 132000 | D7: =C7-B7 -> 0 | E7: =(318057/(373164+318057))*$D7 -> 0 | F7: =(373164/(373164+318057))*$D7 -> 0
A8: 2024 | B8: 100000 | C8: =B8 -> 100000 | D8: =C8-B8 -> 0 | E8: =(318057/(373164+318057))*$D8 -> 0 | F8: =(373164/(373164+318057))*$D8 -> 0
A9: 2025 | B9: 5000 | C9: =B9 -> 5000 | D9: =C9-B9 -> 0 | E9: =(318057/(373164+318057))*$D9 -> 0 | F9: =(373164/(373164+318057))*$D9 -> 0
A10: 2026 | B10: -8000 | C10: =B10 -> -8000 | D10: =C10-B10 -> 0 | E10: =(318057/(373164+318057))*$D10 -> 0 | F10: =(373164/(373164+318057))*$D10 -> 0
A11: 2027 | B11: -12000 | C11: =B11 -> -12000 | D11: =C11-B11 -> 0 | E11: =(318057/(373164+318057))*$D11 -> 0 | F11: =(373164/(373164+318057))*$D11 -> 0
A12: 2028 | B12: -14000 | C12: =MAX((1+(C$11/C$10-1))*C11,-140000) -> -18000 | D12: =C12-B12 -> -4000 | E12: =(373164/(373164+318057))*$D12 -> -2159.4483 | F12: =(318057/(373164+318057))*$D12 -> -1840.5517
A13: 2029 | B13: -14500 | C13: =MAX((1+(C$11/C$10-1))*C12,-140000) -> -27000 | D13: =C13-B13 -> -12500 | E13: =(373164/(373164+318057))*$D13 -> -6748.2759 | F13: =(318057/(373164+318057))*$D13 -> -5751.7241
A14: 2030 | B14: -14500 | C14: =MAX((1+(C$11/C$10-1))*C13,-140000) -> -40500 | D14: =C14-B14 -> -26000 | E14: =(373164/(373164+318057))*$D14 -> -14036.414 | F14: =(318057/(373164+318057))*$D14 -> -11963.586
A15: 2031 | B15: -14300 | C15: =MAX((1+(C$11/C$10-1))*C14,-140000) -> -60750 | D15: =C15-B15 -> -46450 | E15: =(373164/(373164+318057))*$D15 -> -25076.593 | F15: =(318057/(373164+318057))*$D15 -> -21373.407
A16: 2032 | B16: -14100 | C16: =MAX((1+(C$11/C$10-1))*C15,-140000) -> -91125 | D16: =C16-B16 -> -77025 | E16: =(373164/(373164+318057))*$D16 -> -41582.876 | F16: =(318057/(373164+318057))*$D16 -> -35442.124
A17: 2033 | B17: -13900 | C17: =MAX((1+(C$11/C$10-1))*C16,-140000) -> -136687.5 | D17: =C17-B17 -> -122787.5 | E17: =(373164/(373164+318057))*$D17 -> -66288.314 | F17: =(318057/(373164+318057))*$D17 -> -56499.186
A18: 2034 | B18: -13600 | C18: =MAX((1+(C$11/C$10-1))*C17,-140000) -> -140000 | D18: =C18-B18 -> -126400 | E18: =(373164/(373164+318057))*$D18 -> -68238.566 | F18: =(318057/(373164+318057))*$D18 -> -58161.434
A19: 2035 | B19: -13300 | C19: =MAX((1+(C$11/C$10-1))*C18,-140000) -> -140000 | D19: =C19-B19 -> -126700 | E19: =(373164/(373164+318057))*$D19 -> -68400.524 | F19: =(318057/(373164+318057))*$D19 -> -58299.476
A20: 2036 | B20: -13000 | C20: =MAX((1+(C$11/C$10-1))*C19,-140000) -> -140000 | D20: =C20-B20 -> -127000 | E20: =(373164/(373164+318057))*$D20 -> -68562.483 | F20: =(318057/(373164+318057))*$D20 -> -58437.517
A21: 2037 | B21: -12700 | C21: =MAX((1+(C$11/C$10-1))*C20,-140000) -> -140000 | D21: =C21-B21 -> -127300 | E21: =(373164/(373164+318057))*$D21 -> -68724.442 | F21: =(318057/(373164+318057))*$D21 -> -58575.558
A22: 2038 | B22: -12300 | C22: =MAX((1+(C$11/C$10-1))*C21,-140000) -> -140000 | D22: =C22-B22 -> -127700 | E22: =(373164/(373164+318057))*$D22 -> -68940.386 | F22: =(318057/(373164+318057))*$D22 -> -58759.614
A23: 2039 | B23: -12000 | C23: =MAX((1+(C$11/C$10-1))*C22,-140000) -> -140000 | D23: =C23-B23 -> -128000 | E23: =(373164/(373164+318057))*$D23 -> -69102.345 | F23: =(318057/(373164+318057))*$D23 -> -58897.655
... A54: 2070 | B54: 0 | C54: =MAX((1+(C$11/C$10-1))*C53,-140000) -> -140000 | D54: =C54-B54 -> -140000 | E54: =(373164/(373164+318057))*$D54 -> -75580.69 | F54: =(318057/(373164+318057))*$D54 -> -64419.31

Sheet Serie_por_edad
A2: Edad | B2: Hombre_pct_total | C2: Mujer_pct_total | D2: Hombre_pct_reportado | E2: Mujer_pct_reportado | F2: Hombre_poblacion_aprox | G2: Mujer_poblacion_aprox | H2: prom | L2: Edad | M2: Hombres 0 años | N2: Hombres 1 año | O2: Hombres 2 años | P2: Hombres 3 años | Q2: Hombres 4 años | R2: Hombres 5 años | S2: Hombres 6 años | T2: Hombres 7 años | U2: Hombres 8 años | V2: Hombres 9 años | W2: Hombres 10 años | X2: Hombres 11 años | Y2: Hombres 12 años | Z2: Hombres 13 años | AA2: Hombres 14 años | AB2: Hombres 15 años | AC2: Hombres 16 años | AD2: Hombres 17 años | AE2: Hombres 18 años | AF2: Hombres 19 años | AG2: Hombres 20 años | AH2: Hombres 21 años | AI2: Hombres 22 años | AJ2: Hombres 23 años | AK2: Hombres 24 años | AL2: Hombres 25 años | AM2: Hombres 26 años | AN2: Hombres 27 años | AO2: Hombres 28 años | AP2: Hombres 29 años | AQ2: Hombres 30 años | AR2: Hombres 31 años | AS2: Hombres 32 años | AT2: Hombres 33 años | AU2: Hombres 34 años | AV2: Hombres 35 años | AW2: Hombres 36 años | AX2: Hombres 37 años | AY2: Hombres 38 años | AZ2: Hombres 39 años | BA2: Hombres 40 años | BB2: Hombres 41 años | BC2: Hombres 42 años | BD2: Hombres 43 años | BE2: Hombres 44 años | BF2: Hombres 45 años | BG2: Hombres 46 años | BH2: Hombres 47 años | BI2: Hombres 48 años | BJ2: Hombres 49 años | BK2: Hombres 50 años | BL2: Hombres 51 años | BM2: Hombres 52 años | BN2: Hombres 53 años | BO2: Hombres 54 años | BP2: Hombres 55 años | BQ2: Hombres 56 años | BR2: Hombres 57 años | BS2: Hombres 58 años | BT2: Hombres 59 años | BU2: Hombres 60 años | BV2: Hombres 61 años | BW2: Hombres 62 años | BX2: Hombres 63 años | BY2: Hombres 64 años | BZ2: Hombres 65 años | CA2: Hombres 66 años | CB2: Hombres 67 años | CC2: Hombres 68 años | CD2: Hombres 69 años | CE2: Hombres 70 años | CF2: Hombres 71 años | CG2: Hombres 72 años | CH2: Hombres 73 años | CI2: Hombres 74 años | CJ2: Hombres 75 años | CK2: Hombres 76 años | CL2: Hombres 77 años | CM2: Hombres 78 años | CN2: Hombres 79 años | CO2: Hombres 80 años | CP2: Hombres 81 años | CQ2: Hombres 82 años | CR2: Hombres 83 años | CS2: Hombres 84 años | CT2: Hombres 85 años | CU2: Hombres 86 años | CV2: Hombres 87 años | CW2: Hombres 88 años | CX2: Hombres 89 años | CY2: Hombres 90 años | CZ2: Hombres 91 años | DA2: Hombres 92 años | DB2: Hombres 93 años | DC2: Hombres 94 años | DD2: Hombres 95 años | DE2: Hombres 96 años | DF2: Hombres 97 años | DG2: Hombres 98 años | DH2: Hombres 99 años | DI2: Hombres 100 años y más | DJ2: Mujeres 0 años | DK2: Mujeres 1 año | DL2: Mujeres 2 años | DM2: Mujeres 3 años | DN2: Mujeres 4 años | DO2: Mujeres 5 años | DP2: Mujeres 6 años | DQ2: Mujeres 7 años | DR2: Mujeres 8 años | DS2: Mujeres 9 años | DT2: Mujeres 10 años | DU2: Mujeres 11 años | DV2: Mujeres 12 años | DW2: Mujeres 13 años | DX2: Mujeres 14 años | DY2: Mujeres 15 años | DZ2: Mujeres 16 años | EA2: Mujeres 17 años | EB2: Mujeres 18 años | EC2: Mujeres 19 años | ED2: Mujeres 20 años | EE2: Mujeres 21 años | EF2: Mujeres 22 años | EG2: Mujeres 23 años | EH2: Mujeres 24 años | EI2: Mujeres 25 años | EJ2: Mujeres 26 años | EK2: Mujeres 27 años | EL2: Mujeres 28 años | EM2: Mujeres 29 años | EN2: Mujeres 30 años | EO2: Mujeres 31 años | EP2: Mujeres 32 años | EQ2: Mujeres 33 años | ER2: Mujeres 34 años | ES2: Mujeres 35 años | ET2: Mujeres 36 años | EU2: Mujeres 37 años | EV2: Mujeres 38 años | EW2: Mujeres 39 años | EX2: Mujeres 40 años | EY2: Mujeres 41 años | EZ2: Mujeres 42 años | FA2: Mujeres 43 años | FB2: Mujeres 44 años | FC2: Mujeres 45 años | FD2: Mujeres 46 años | FE2: Mujeres 47 años | FF2: Mujeres 48 años | FG2: Mujeres 49 años | FH2: Mujeres 50 años | FI2: Mujeres 51 años | FJ2: Mujeres 52 años | FK2: Mujeres 53 años | FL2: Mujeres 54 años | FM2: Mujeres 55 años | FN2: Mujeres 56 años | FO2: Mujeres 57 años | FP2: Mujeres 58 años | FQ2: Mujeres 59 años | FR2: Mujeres 60 años | FS2: Mujeres 61 años | FT2: Mujeres 62 años | FU2: Mujeres 63 años | FV2: Mujeres 64 años | FW2: Mujeres 65 años | FX2: Mujeres 66 años | FY2: Mujeres 67 años | FZ2: Mujeres 68 años | GA2: Mujeres 69 años | GB2: Mujeres 70 años | GC2: Mujeres 71 años | GD2: Mujeres 72 años | GE2: Mujeres 73 años | GF2: Mujeres 74 años | GG2: Mujeres 75 años | GH2: Mujeres 76 años | GI2: Mujeres 77 años | GJ2: Mujeres 78 años | GK2: Mujeres 79 años | GL2: Mujeres 80 años | GM2: Mujeres 81 años | GN2: Mujeres 82 años | GO2: Mujeres 83 años | GP2: Mujeres 84 años | GQ2: Mujeres 85 años | GR2: Mujeres 86 años | GS2: Mujeres 87 años | GT2: Mujeres 88 años | GU2: Mujeres 89 años | GV2: Mujeres 90 años | GW2: Mujeres 91 años | GX2: Mujeres 92 años | GY2: Mujeres 93 años | GZ2: Mujeres 94 años | HA2: Mujeres 95 años | HB2: Mujeres 96 años | HC2: Mujeres 97 años | HD2: Mujeres 98 años | HE2: Mujeres 99 años | HF2: Mujeres 100 años y más
